Probe_Id	Array_Address_Id	Reporter_Group_Name	Reporter_Group_id	Reporter_Composite_map	Probe_Sequence
ILMN_1343061	2900397	low_stringency_hyb	phage_lambda_genome:mm2		AATTAAAACGATGCACTCAGGGTTTAGCGCGTAGACGTATTGCATTATGC
ILMN_2038774	2100273	housekeeping	housekeeping	GI_25453469-S	TCTCAAACCCGGTATGGTGGTCACCTTTGCTCCAGTCAACGTTACAACGG
ILMN_1343049	6510136	biotin	phage_lambda_genome		CCATGTGATACGAGGGCGCGTAGTTTGCATTATCGTTTTTATCGTTTCAA
ILMN_2038769	1110170	cy3_hyb	phage_lambda_genome:high		AATTAAAACGATGCACACAGGGTTTAGCGCGTACACGTATTGCATTATGC
ILMN_2038769	1110170	low_stringency_hyb	phage_lambda_genome:pm		AATTAAAACGATGCACACAGGGTTTAGCGCGTACACGTATTGCATTATGC
ILMN_1343050	7560739	cy3_hyb	phage_lambda_genome:low		CCGACAGATGTATGTAAGGCCAACGTGCTCAAATCTTCATACAGAAAGAT
ILMN_2038773	1430239	housekeeping	housekeeping	GI_20149305-S	CGTGAAGACCCTGACTGGTAAGACCATCACTCTCGAAGTGGAGCCGAGTG
ILMN_2038768	4610291	cy3_hyb	phage_lambda_genome:med		CGGACGTTATGATTTAGCGTGGAAAGATTTGTGTAGTGTTCTGAATGCTC
ILMN_2038768	4610291	low_stringency_hyb	phage_lambda_genome:pm		CGGACGTTATGATTTAGCGTGGAAAGATTTGTGTAGTGTTCTGAATGCTC
ILMN_1343048	5090180	biotin	phage_lambda_genome		GAATAAAGAACAATCTGCTGATGATCCCTCCGTGGATCTGATTCGTGTAA
ILMN_2038777	5570132	housekeeping	housekeeping	GI_5016088-S	ACAGGAAGTCCCTTGCCATCCTAAAAGCCACCCCACTTCTCTCTAAGGAG
ILMN_2038772	5900110	housekeeping	housekeeping	GI_14141192-S	GTCAAATTTACCCTGGCCAAGATCCGCAAGGCCGCCCGGGAACTGCTGAC
ILMN_1343063	2120427	low_stringency_hyb	phage_lambda_genome:mm2		CGGACGTTATGATTTACCGTGGAAAGATTTGTGAAGTGTTCTGAATGCTC
ILMN_2038771	2510500	cy3_hyb	phage_lambda_genome:med		GCCCCGTATTCAGTGTCGCTGATTTGTATTGTCTGAAGTTGTTTTTACGT
ILMN_2038771	2510500	low_stringency_hyb	phage_lambda_genome:pm		GCCCCGTATTCAGTGTCGCTGATTTGTATTGTCTGAAGTTGTTTTTACGT
ILMN_1343295	4490161	housekeeping	housekeeping	GI_7669491-S	CTTCAACAGCGACACCCACTCCTCCACCTTTGACGCTGGGGCTGGCATTG
ILMN_1343052	1450438	cy3_hyb	phage_lambda_genome:low		TCTGTCACTGTCAGGAAAGTGGTAAAACTGCAACTCAATTACTGCAATGC
ILMN_1343062	240255	low_stringency_hyb	phage_lambda_genome:mm2		GAAGCATTCAGAGCAAATGAGGCAGCGTTGGTGTAGCACGATAATAATAT
ILMN_2038781	5860132	labeling	thrB	thrB	CATATGGAACGGCTCTCAGCGGAGCAGGCCCAACGATTCTCGTCATGACC
ILMN_2038775	450292	housekeeping	housekeeping	GI_4507728-S	GAGGAGGGCGAGGACGAGGCTTAAAAACTTCTCAGATCAATCGTGCATCC
ILMN_2038770	4010327	cy3_hyb	phage_lambda_genome:high		GAAGCATTCAGAGCAATTGAGGCAGCGTTGGTGAAGCACGATAATAATAT
ILMN_2038770	4010327	low_stringency_hyb	phage_lambda_genome:pm		GAAGCATTCAGAGCAATTGAGGCAGCGTTGGTGAAGCACGATAATAATAT
ILMN_1343064	3180440	low_stringency_hyb	phage_lambda_genome:mm2		GCCCCGTATTCAGTGTGGCTGATTTGTATTGTCAGAAGTTGTTTTTACGT
ILMN_2038776	3940446	housekeeping	housekeeping	GI_4507744-S	CATCGGTCCTTACAGCCGCTCGTCAGACTCCAGCAGCCAAGATGGTGAAG
ILMN_1343059	1240647	labeling	thrB	thrB	CTTGTGCCTGAGCTGTCAAAAGTAGAGCACGTCGCCGAGATGAAGGGCGC
ILMN_1343914	160414	negative	permuted_negative		AGAAGCGAACGACTCGGTGCACAGTTGCGAGAGAGGTGAATTGCGGCGAG
ILMN_1343321	5390750	negative	permuted_negative		TCCCTACTGTAAGCTGGAGGGTAGAATGGGGTCGACGGGGCGCTCTTAAT
ILMN_1344038	160278	negative	permuted_negative		CCGCATGCAGATTGTGAGTCTGCGGCGATGTACCGGACGCTCTCGCATTG
ILMN_1343841	6550192	negative	permuted_negative		CCTGGTGTCTCTGTCGTCAGGTCCCATCCACAACCTCTTCTTACCCCGAA
ILMN_1343835	5290731	negative	permuted_negative		GGGCAAGTTTGCGCAGCTAATGGTCAGGGGGGAGGTACTCTCATGGTCAA
ILMN_1344055	5490091	negative	permuted_negative		GAAGGCGATTGTGGGGCTGAAACGGTGGTGTGATAGGCGAAAAGGGGGTG
ILMN_1343638	2490575	negative	permuted_negative		GCCTGTAGGGGCGGTTGTGCACCTTGCAAGCAAGTAACCCACCTTCTCCC
ILMN_1343872	2260348	negative	permuted_negative		GTTAGCGCGGGGGTATAGTGGGTTGGGGCGCTCTTGTGCACTGAAGCACT
ILMN_1343977	7570392	negative	permuted_negative		TTCCTGAAGTGCGCCAAGGTGCCGTCACCGTATCTGATGTGTGGTCTCTG
ILMN_1343668	840193	negative	permuted_negative		TCTGCGCGCGCGATTACTGACAATCCGCCGCGACAACACCACCTCCAAAG
ILMN_1343553	2190427	negative	permuted_negative		TCCCAGCGGAGCGGTACGCCTGCCTGCCCTAGAGAGTTAAATAGTGGTAA
ILMN_1343782	3060193	negative	permuted_negative		GAGTGAGGGGGATTGGATCCTAACGTCCTTGGGTGGGCGTACTTGGCTCA
ILMN_1343339	4780100	negative	permuted_negative		ACGTGGCGGTGGTGTCCTTCGGTTTTAGTGCATCTCCGTCCTCTTCCCCT
ILMN_1343567	5910142	negative	permuted_negative		CTGTTATCCCCCTGCGGCCTTCACGGTGCCTTTCCCCCCTGTCCTACTAT
ILMN_1344056	3360070	negative	permuted_negative		GACGGCTCTTTGGTTAGCCGGGGATCTGGTGACTAACATCACCCTCCCTG
ILMN_1343876	4730189	negative	permuted_negative		GGGCATTTTTGCCCTTGGAGTAATGGGGAAGCGACGACGACGGACTGCCC
ILMN_1343727	5700037	negative	permuted_negative		AGCCTACCGTTTTTGCCCTCTGAGGTCGTTGCCTGCAGGTCTGCCCTCCA
ILMN_1343397	20373	negative	permuted_negative		GTCTGATAGTAGGCTTTGTACAGCTCCCCAAGGATCCAATGATAAACGAG
ILMN_1344066	3140470	negative	permuted_negative		CCCACAAGGGTCGGGTGGCAACGCAGAAGTGTAACAAGCTCAGCCAGCAA
ILMN_1343400	6100750	negative	permuted_negative		CCCAGTTGGTGCGGGTCAAACCTTGGCCACCCGCTAGGCTCGCTCATAAC
ILMN_1343535	1070524	negative	permuted_negative		CTCTCTAAAGAGCGCGGTCTCGACATTCGCCTTGGACTTCGCCCCTCAAC
ILMN_1343880	4070221	negative	permuted_negative		GGCCAACCAGTAGGAGACCTTCTCTAGATCCTCTTCCCGGATGACCACGG
ILMN_1343925	4760129	negative	permuted_negative		ATTCTGCACCATGGCAAACAACCCACCATAAGGAGCTTACTTGCAAGCTG
ILMN_1343679	3180332	negative	permuted_negative		ACGAAAAGGCCTCAAATGGTCGGCCGCTTAGACAACTCCAATGATGATGT
ILMN_1343626	7150114	negative	permuted_negative		CATTTTCTGGAGTCCTTGTGCGTGGACTGAAAGCCATTGCGCTGTTGTTT
ILMN_1343503	1850243	negative	permuted_negative		ATGGGGCCAGCCAGGGTAACATCCAGTTCGGGAGCAACAATGATGTGAGC
ILMN_1343615	4290091	negative	permuted_negative		TGAAGGCCTGCGGTTTAGGGAGCGATTCCAGACTGGTCGTACGGAATGGG
ILMN_1343489	1450411	negative	permuted_negative		CACTACGAGCAAACATCTTCTACGTTGGTTGGACAGCCCATGGAAAGGAC
ILMN_1343866	1980446	negative	permuted_negative		GCTCTTCCCTCTCGGTAACGCGAAAAGCATAACCGGGTCCCATTGAGCTA
ILMN_1343803	5700019	negative	permuted_negative		CGTCCAACTGGAAGCAATCTGTCTTGCAGGCCATCAGATTATTTGGGGCA
ILMN_1343859	5820161	negative	permuted_negative		CAGCAGGTTGTGGTGTCCGGGAGCCCGTGCTTGTTTGGCTTTAACATCAC
ILMN_1343709	5310092	negative	permuted_negative		GGTACATAACAGCCTAACGACTCCAGCATCTCCAATTAACTAGGGCTGCC
ILMN_1343467	870372	negative	permuted_negative		ACTGGGTATTGTAGAATAGGGCCAAAAATAGCGGGCCTGGACCTTGTTAC
ILMN_1343297	4670040	negative	permuted_negative		ACTGTAAGAAGACCCAAAGGCACCCTAGCTAGAGCCCTCCCGAGTGGTGG
ILMN_1343554	4230025	negative	permuted_negative		AATAGGCTAATCGCCATGCTTCCTGCCACTGATGTGCTAAATAACTGCAC
ILMN_1343439	2370066	negative	permuted_negative		ACTAATAACTCGGCTGCATGCTGTTAAGAGACGGGTGGGGCGCACTGGTG
ILMN_1343740	1230703	negative	permuted_negative		TGGAGGATCAGGGCGATGTGAATGGCTCGTGCGAAGGCGTACCTTGGATC
ILMN_1343585	2260750	negative	permuted_negative		CACAACACTCCACGCGAGTCCCTCTTTGTATGGGCAAAGTGCTGTTCTAT
ILMN_1343592	7610243	negative	permuted_negative		AGCTCCGCCCGGCAGAAGGCACTAAGGACCTGCACGATAGAGTAAGCACA
ILMN_1344058	1710747	negative	permuted_negative		GTGTGCGTATGACTGTGGCCTTATGGCTCCTCTGCGAGGCATGTCCCCTT
ILMN_1344014	5310133	negative	permuted_negative		CACTCTAGCGTAGACGGAAGTATTGATGGTTGGGCTGCGGGCTTACTCCC
ILMN_1343967	430008	negative	permuted_negative		CACGGGACAATGCCTAATTTCTGTACATCTACCTCAGTCCCTTTTTTCTG
ILMN_1343482	6220661	negative	permuted_negative		ATCGGTAGCGGCTGTCACCCGACGAGGCTAAGCTGGACCTTACAATATCC
ILMN_1343645	6400050	negative	permuted_negative		CCTCCATGGGTGCTTTTGGCTACCAGGAGTTCGCGCGGTATGCTGTAAGG
ILMN_1343565	3390632	negative	permuted_negative		AGCCCTGCTGCTACCGGCTTCTCGCAGCTTTGCCGAGTGTTGAACTGTCT
ILMN_1343613	2850369	negative	permuted_negative		GAGGGGCCTTACCCGCTCCCAGATCCCAGAAATCCACAATCACCACCTAG
ILMN_1343717	2320491	negative	permuted_negative		GAGCAGAATTCCGATGTGGCCGCGAGCTGGGACTGTTGGATATGACAGGG
ILMN_1343653	5050398	negative	permuted_negative		ACGTTAACTCCATGCTTCCCACCGCTTACAGGTACAGACCCCCTGCAAGC
ILMN_1343481	6550161	negative	permuted_negative		AGAGTCCTACCCTGACAGGACCCTCACTTCTCTACTAGTAACCCGCCAGG
ILMN_1343670	1450706	negative	permuted_negative		GGGCTAGGGGAGATGGTGTTCCCAATATCGCGAGGAACCGCACTGCTAAC
ILMN_1343422	5890671	negative	permuted_negative		CTCTCTCACTCGCCTCCCATGGCTCGTGTTCTGTGCAATTGATTCCCCTA
ILMN_1343324	3830338	negative	permuted_negative		CTCGGCCGGACGATGAACTGCCCTCCCTCTAGAGATGTAAAGGGTTTGGG
ILMN_1343636	430167	negative	permuted_negative		CTTCCCGTGACCAGAAAGGTCCTCCTCCTTGACTGTCCGCTATGGTAGGG
ILMN_1343545	4610037	negative	permuted_negative		AGGCCCTGTCCCGGGTATCGACCCTCATCATTACCACTCTTGCACACACA
ILMN_1343347	3610463	negative	permuted_negative		GGCAGCCGTTGGATCAGGACTGCTTTGGGGACGGCAGGTGTAATAGTCTT
ILMN_1344035	6480008	negative	permuted_negative		GTATCCTGGAACGAAGATTACTCGCTGGCAGTGTGAGTGTTGCGCGGGAC
ILMN_1343921	1770241	negative	permuted_negative		GGCCTGAGTCCTGATCTCGGTACATATGTCTCAAACCCGCCAAAAAGGGT
ILMN_1343333	3190368	negative	permuted_negative		GAGCCTGTGCTTTATCACTACAAGTCGTCGACGGGCGAGTGGCTCGGCCC
ILMN_1343980	7510348	negative	permuted_negative		TGCTAACCCTTTCCCCTGGTCCCCTTCCCTTCATGATTCCTGCACACTGG
ILMN_1343461	3780634	negative	permuted_negative		GGCGTGTGTGCAGTAATTGTAGGGAGCTGGTGGGCAAGGAATCAGCTAGG
ILMN_1343451	7320136	negative	permuted_negative		AGCAACTCTTTGTGTACCCCTCCCTGCTATCCGTGATCTGGCCATTTTCC
ILMN_1343327	4230687	negative	permuted_negative		CCTGCGTATGATACATGTCCCAACCACCCGAGCTTTCACTCCTGGCGGAT
ILMN_1343631	3370154	negative	permuted_negative		ACCTGTTGTATGAGTGGTTTGGGGGCGTTGGATCAGAGATGTAGTGGAGT
ILMN_1344057	1190286	negative	permuted_negative		CGGACTAAGGAGGACGGTATTACTACGCCGGAATGGACGGAGAAGGTGGT
ILMN_1343943	4290681	negative	permuted_negative		CCATTTGTGTCTCTCGAACACGTTTCCTCCGGCTTGGCCCATCCCCCGGC
ILMN_1343528	6590639	negative	permuted_negative		CCTCAGATAAGAGGTTAAACACCTGCAGACCCGAACTGAACCTACAAAAC
ILMN_1343304	2900575	negative	permuted_negative		TGGTTCGGCTTTCAGCAGGCTTGCCTTATTCTGACTTGCCTTCCCAACCC
ILMN_1343924	1740164	negative	permuted_negative		TCTTTCCACAACAGTAGAATTTGTCCCCTGACGCTTGGAGCCCCGCAAAC
ILMN_1344033	7150626	negative	permuted_negative		GGACTCTCTCCTAGACTCCACCACGCACCATTCACCCTACCATCGCTGTA
ILMN_1343303	3610711	negative	permuted_negative		GGAGCCGATAGATATGGGGCCGACCTGGGCCGGAAACATAGAGCGATACT
ILMN_1343517	4070162	negative	permuted_negative		TCTGCCACATGGGCCGCTCACATCAAGGTATGGGGTATACTGTGCAGTTA
ILMN_1343685	5670356	negative	permuted_negative		AGAAGTACTACCCCTACCGTCGCTCATTGCGTGTAACCGAGTCAACAAGG
ILMN_1343858	730243	negative	permuted_negative		ACAGAGCATCTGCGTAACGGCGGGAAGAGCAGGAAAGGTTAATCCAATCT
ILMN_1343972	6770671	negative	permuted_negative		TTGGGTGCTTCTCCTTTTGTTAGAGGTCTACACTCAAGCCTTGCGCCGGA
ILMN_1343525	6250113	negative	permuted_negative		TCCTGTGAACTCTAGGTTTGTCGAAGGTAAAACCTGAAGCTGGGGTGTCC
ILMN_1343699	5720114	negative	permuted_negative		GTATGGTGGCACGAAGGGATTTGAGGACCCGTCAGTTATTGGACTGGATT
ILMN_1343693	5220209	negative	permuted_negative		ATCTGGCTTGGCGACTATAGCGCGACTGCAGTTGGTCTGGGCGGTAACTG
ILMN_1343580	460551	negative	permuted_negative		TCTAGGAGCACAGATGATCCACGACTCGACAGGGCGCTAAATGCGCACGG
ILMN_1343805	1110719	negative	permuted_negative		AACTGGTCCGGAAACACCTCTCGGACAGTAAGGCTCATGGCCAATGCGGG
ILMN_1343483	1990523	negative	permuted_negative		GTTCAACATCTGCATCACAACCGCTCTCCCTAATCACCTTGCTCTCCTCT
ILMN_1343823	3850669	negative	permuted_negative		TCGGCCTGTGGGGCTAATGCCAGTTAACGTCTTCCTCTCTTGAACTTAAC
ILMN_1343533	3460561	negative	permuted_negative		GAGGTTCCTGGTTTGTGAAACGCAAGTGATGATGACGTACGGCTAAAGCT
ILMN_1343939	3610754	negative	permuted_negative		TGTAAACAGTTTGAAGCCCTTAGACTCCCAAATCGAGTAACTTTGGGGAG
ILMN_1344006	770274	negative	permuted_negative		GGAAATTGTACACCGCGGCGTCACGCGGGAGAAAGTTAGTGCAGTGCCAG
ILMN_1343534	5910132	negative	permuted_negative		TGGCCAGGTCATGAGTTCTGGGGGACGTAGGTGGGAAAAGATCTAGACCA
ILMN_1343698	4610474	negative	permuted_negative		GAACGGAAGCTTAGGCAGCTGCGATTGTAAGGGTCTCAGAGCCATGCCCG
ILMN_1343830	2100445	negative	permuted_negative		GAGTGAAGAGCAAATCAGGGGTGTTAATGGCCGTGGGAATACTTGGTTGC
ILMN_1343931	6560424	negative	permuted_negative		CCCCTCGGGATTGATTGACATTCAGCGGAGGCGGACATTTGGGGAGAACC
ILMN_1343735	4230014	negative	permuted_negative		TCTGCTATCGTGGTGTGGTTGACGTTTGCCAGAGAAGGTACTTTCACCTG
ILMN_1343913	6660608	negative	permuted_negative		AACATGGCCCACGGAGTGATTAGGTGTTCGGGTAGCTGCCAAGGTCTATG
ILMN_1343550	1580367	negative	permuted_negative		TGAGGCCCAATTTTCGAGGTGCCTCTCCGGAAAACCTGAATTCCATGTGG
ILMN_1343961	6130360	negative	permuted_negative		AACATGGCAGATGGGACCGATGAACAGGGCTACCATACGCTACACCCTGG
ILMN_1343731	1580369	negative	permuted_negative		CTATTCCCCCCATGCCCACCAAGGTCCTTACTTCTTCCCTGACCATCAGA
ILMN_1343346	2000053	negative	permuted_negative		GACTTAATCAGTGTGAGACCCCCGTCCCCGTAAGAAGTATCGCCGAAGTA
ILMN_1343323	4730446	negative	permuted_negative		TGGCGACTCGTTGGCGACTCAATCTCAGCGGCCTGCTACAATCCCACTTC
ILMN_1343885	1470278	negative	permuted_negative		CTCGGTTGGTTCCAGTCCGCTGTCATCTGCATTGCCGTCTGTCCCACAGT
ILMN_1344019	4290086	negative	permuted_negative		TCACTGAGGTGTGCATGTACTGGGAGCATTGGTATCTACCATCGAATTAG
ILMN_1343994	160647	negative	permuted_negative		GGTTATCCATTTCCACTGGCCAGAGACACACATCGAGATGCAGCCCCTGT
ILMN_1344040	2480059	negative	permuted_negative		CACGGTTCAGATCCCTCTGAGAAACTGGCACTCCTACACTTCTCACTGGG
ILMN_1343686	830450	negative	permuted_negative		TGTAAACGGCATGACGCGCTCACCATCACAGATCAACCAACTTTGGCAAG
ILMN_1343753	1430139	negative	permuted_negative		GGTCTCTGACTGTTTTGTTATCCAGTCCCCATTGAGCCGCCTGTAGGGGC
ILMN_1343900	3610025	negative	permuted_negative		ACCGCGAATGAAACCATACCTGGCTCTCCTTTAACGGGCTGTTGCTTCCT
ILMN_1343883	6110021	negative	permuted_negative		CGAGTGAGTTGCAGACCAGATCAGAACACGTACGAGATGGAGGGTGCAGG
ILMN_1343361	5670414	negative	permuted_negative		CCTTGGTAGTAGTGAAGACTCGCAGATGCCCGAACGGACAACCCTGATCC
ILMN_1343314	1340044	negative	permuted_negative		ATCGTGGAGGGGCCCAGTTAACCCCCTCTAGGTTTCTTTGGGGCTCAACA
ILMN_1343614	6760139	negative	permuted_negative		CTGCTCCTCACCAACGTGCAGCCTTTGAGTCTGACGGGCACGCCCCTATC
ILMN_1343829	1430554	negative	permuted_negative		GCCACAAGTTGCGCACAGGCCAGGGTCTAGCACTGTTTATAAGCATTCAG
ILMN_1343572	1430592	negative	permuted_negative		CAGCCCCAGAGGTGGCCTAAACCTACACAAGGAGCGTGCCTTTCCAGATG
ILMN_1343446	6510470	negative	permuted_negative		CCTCCAATGTCGAGAGTTACATGAGTGTCCCGTCATCGAGATCCCTGACG
ILMN_1343703	5360474	negative	permuted_negative		ATGAGACCGAGAAAGGAGCACGACCCAGGGCCCGTAACTGAGGCGCCAGG
ILMN_1343660	2450066	negative	permuted_negative		TCTAGCCTTCTCGAGTGTAGCGCGGCTGTTGCGGGAGGTTTTAAGTTTCA
ILMN_1344020	60709	negative	permuted_negative		TGGACCGCCAGAACTTAAAGGGCCAGCGAAGTGTGAAATCCCGAGGAAAC
ILMN_1343936	1440184	negative	permuted_negative		ACATTGGTTGCTCGCCCGCCACAGTTTGGACCGCTCGCTTAACTGAGCAC
ILMN_1343549	4780309	negative	permuted_negative		GATTGGAAACTCTAAGATGCGCCCGGTAGTATGGCCGGAAATTCGGAACG
ILMN_1343544	3930242	negative	permuted_negative		TCCACATGCTGAACCTTCTGGATCTCCTGTCTGGCTGCGGCAGGCTCTCC
ILMN_1343421	4920598	negative	permuted_negative		GGATAACCAACTCCTCCCAAAACTATTCATCCGTCGGTACCTTGTTTGCA
ILMN_1343706	6250600	negative	permuted_negative		CCCATACCTGCAACGTTTCCCGTGAGACCGTCCTAAGCCCTGTGCACCTT
ILMN_1343476	1500022	negative	permuted_negative		TTCAAAGTGTATTATAGGGAAGCTATGCCGGGATGGCCTACATGTGGTAG
ILMN_1343386	6040184	negative	permuted_negative		TGGGGATAGGCGCCCGGTTTTCAGTTACTATAGTCGGTAACAGCAAGGTT
ILMN_1343798	3890064	negative	permuted_negative		CTCTTGGAGCAGTGATCCGTCGCGGGGAGGTTAGAAGACCTTGCTGTCGG
ILMN_1344063	2070692	negative	permuted_negative		ACCGTACCGGTTACCGACAGGGCAAGTATGCTCGTTTTGAAAGAGTAAGT
ILMN_1343371	1740039	negative	permuted_negative		ACATCTATCAAGGTTAGGGGGGCAACCTTTGATCACCAATCGATCTCGCA
ILMN_1343714	3460397	negative	permuted_negative		GGGTTGGTGTGACCGGCGTAGCTAAAGGGAGGAATGCGCGTTGATGCCCT
ILMN_1343420	5560598	negative	permuted_negative		ATCCCCCAAACCTATAGTTTCCCGCCGTCGCCTGTAGCGCCGACTGTTCT
ILMN_1343770	4830411	negative	permuted_negative		GAGGGGTATTCCAACGTCATTCCGCTGCCTCATTTTAGCTGTCTTTTACC
ILMN_1343518	1110673	negative	permuted_negative		TCACTTTCCGCTAGATTCCCAAGCTTTCCAGGCCACCGAAGTTATCCGCG
ILMN_1343409	3370228	negative	permuted_negative		TCCGGTGCAATAACGGGAGGAAGACTAGGCCTGTGGCATCTTTATGCACG
ILMN_1343785	1940594	negative	permuted_negative		GTCGGACAGCAGCCGGCACTTGCACCGCCTTTTATCAAGGTGGCATCTTT
ILMN_1343330	2360451	negative	permuted_negative		CCTCTGTAGGTTGGGTATTGGTGTCCGCATGGAGCGGTCAAGGGCTCATG
ILMN_1343942	6760114	negative	permuted_negative		CTGGAAGCCATAGTGTGGGCCTTCCCACCTTAACACTTTGAACGGGACTG
ILMN_1343599	5550138	negative	permuted_negative		GGGGCCTCGTCGCATGGGCACTATACGGTAATGGAGGATTCGCGGAGGGC
ILMN_1343308	1940653	negative	permuted_negative		CCTTGACTGGGTTGCGCCTTCGGGCTGGCATAATTCACTCCTAATCCTGG
ILMN_1343944	60750	negative	permuted_negative		AGCGGCGTGTCCTCCGACGCTCACACAAGTCGTCCGCTGATACGGATAAG
ILMN_1343804	5490369	negative	permuted_negative		CCCAGCTCACTGAGGCCTCCGACGTCCCAATGTTATGCTCCGTGACAAAG
ILMN_1343899	2000348	negative	permuted_negative		TGTGAACAACTTGCGACCTTAAACTAGCCCCCTCACTTGCGAGGCACTCC
ILMN_1343678	2120647	negative	permuted_negative		GGTCTTCCCCCTGCGGATTAAGCCCTTTCGGTTGCATGTAGTTGGTTTGG
ILMN_1343773	5960026	negative	permuted_negative		GTTCCCGACTTTGGACTATTCCCATAAATGGCGAGCTGCAACCCTTCCCT
ILMN_1343506	5910673	negative	permuted_negative		GTCTCACTCGTTGCCAAATTGCCCCTCATCCAATCCAGTCCAGTACCCAT
ILMN_1343906	6620025	negative	permuted_negative		TGATCCGCCCACTGGTGCCCAACGACTGAGACTAGTATTCTAAAGCAAGC
ILMN_1343563	4260070	negative	permuted_negative		ACAACCAGGAGTACGCACACAACGGCAGAACCCCTCACCGGTCTCGTTCA
ILMN_1343762	6650349	negative	permuted_negative		TATGTCATGAGTCCCTCTGATTCATTTCTCGCTCCCTATCCTCCAGTGCC
ILMN_1343342	4200242	negative	permuted_negative		GAGTATACGTAGTCTCTGATCGTTGTGCACTGACCCACACCGAAATCGAG
ILMN_1343442	5360017	negative	permuted_negative		GAGCGTAATTGAGCACAGCAATAAGCGCTTGGCCCCTACGGGACGACAGC
ILMN_1343746	3390112	negative	permuted_negative		ATCATAATGGTGTCCACTAGCCCTTTCATGTCAGGAGTTTCACCCTAGCG
ILMN_1343523	1660189	negative	permuted_negative		GGAGACGCTAAGTGATGCCTCGCCCAGTACTAACCCAGTGACCCGCCATA
ILMN_1343721	4120270	negative	permuted_negative		CCCCAGATGAAAGTATACCGCGCCCCAAGTGCGTGATCGAAGGTGGTGAC
ILMN_1343447	7560630	negative	permuted_negative		GTGGTAGTCGCCTCACCCGAAGGCAACTTGAGACCGTACTAAAACAGTCT
ILMN_1343851	6280575	negative	permuted_negative		CACAATTCCGGTGAGCTTGGACAGGACTAGGGTCACTGCGTCCAGCTGTC
ILMN_1343527	290338	negative	permuted_negative		GTGCCCTACTACGCTACCTACAGGTCATCCTGACTCACTTCACCATTACC
ILMN_1343919	6270519	negative	permuted_negative		TCGGGCACACTTAGCGGGACATACTAAGCCACCCTACACTCCACACCAGC
ILMN_1343539	2650563	negative	permuted_negative		GCCCAGGGGGATCTTTGTCTCGCCCCTTTAGTCTCCCTTTAGGGAAAGAC
ILMN_1343812	6380400	negative	permuted_negative		GGACCTCCCGTCGCAACGGCCTGAGTACACCATCCTTAATAAGCAAAAAA
ILMN_1343336	6450113	negative	permuted_negative		CCATTGCTGAGACCGGAGGGGCAATGTGCAGAGCCGTTAGTAGGCACGTT
ILMN_1343655	2490040	negative	permuted_negative		AAATCACTAAGCAAGCGCCCAGGCCTCAATGAATGAACCGCACGGAGCTG
ILMN_1343674	1240044	negative	permuted_negative		GGAAATGCTACAGCTTGATGGTGAGTAGCACTAGAAGCGAAATGAGAGAC
ILMN_1343673	7320768	negative	permuted_negative		TTGTTGTTACCTGCCCTGCTATCCTTCTGGTACTGTTATTCCTAGCTTCT
ILMN_1343521	2230673	negative	permuted_negative		TGGCCAGAAAGATTCCCCGTCCCGTGGTCCTCCCGTCCATGAGTCATAGT
ILMN_1343950	1740228	negative	permuted_negative		TGACACAGGTCCACCACAACAGACTGCGTCAGCCGAATCAGGGGAGCCAT
ILMN_1344051	5890719	negative	permuted_negative		GTGAAGAACCCCGCCTACACCCAACCCAGTTAAACGAGACCAACCAGTTC
ILMN_1343395	630435	negative	permuted_negative		GGCGTTCTGGTTCCCACCTAGGGCTGGTTAAAGTACTTGACATACCGTGG
ILMN_1343894	4670678	negative	permuted_negative		GCCTGAGGAACTGTTCAGAAGGTAAGACTAGAGATGGACCACCCTCACCC
ILMN_1343748	2710437	negative	permuted_negative		GAGTGGGTCCAGACCATTGTACACTAATTCTCCTGTTGGGCTTTACCGAA
ILMN_1343989	6660093	negative	permuted_negative		AATTTGCGCGACGGTGTGAATAGCAGCACACTGTTGGCTCCGGTCGATCA
ILMN_1343663	6220692	negative	permuted_negative		CCCAGACGCCGTACCTTCGAGAGTACAGTACCTGTGTTGGACAGTTCGGC
ILMN_1343992	5080731	negative	permuted_negative		CAAATCTTTAGCGGGCACTGGGGGAGTGGAGAAAATATGTCGGCGAGCTG
ILMN_1343884	4560278	negative	permuted_negative		TTAACCGTCAGCCGGGACCTTGGTGTACATTATGCGGCTCAATCAGGTGT
ILMN_1343620	630037	negative	permuted_negative		CACTTTAGCCCCGCTGCATTTACCCAAGCGCCACTATACCCTTTCACCGC
ILMN_1343869	3120446	negative	permuted_negative		CCACCTTCCCCCGCCGGTAGGCAGACTGAGTTAGGAAACCACATTCTAGG
ILMN_1343469	6100286	negative	permuted_negative		TCCCCCGGCTTCCGAACTCTTCCTTGAACTACACTGGAAAAGGCGAATCC
ILMN_1343790	1980754	negative	permuted_negative		TGCGTCGATTGAGCGTCACTTAGGACTTGGAGGCTCTTTCACATTGGGCC
ILMN_1343367	3290608	negative	permuted_negative		CCAACTTGAACACTCAGCTACCCCCACGAGGCCGCATACCCTGAATGAAG
ILMN_1343845	520411	negative	permuted_negative		GCCTCCCGTTCGGCCCATCCTTATCGGCTGGAGATGTCCGATTACTTCCA
ILMN_1343861	1940730	negative	permuted_negative		GTGGCCATGTTGCATCCTAGTTCGAAGAGAAGCCAATAATCAGCGCCCTG
ILMN_1343766	2260564	negative	permuted_negative		ATGAAGGGAGAGCACGACCGTGAAGCGAAACAGGCGTGCAGACGAACTCG
ILMN_1343734	2760707	negative	permuted_negative		GCACCAAGAAACGAGTTCCAACCCCGAGTCACCCTCTCTGACAGCCCAAG
ILMN_1344030	4060154	negative	permuted_negative		TGTCCCACTCAACTGGTGACTGCGCATGGGACTATATGTTTCAGGGCAGG
ILMN_1343485	540445	negative	permuted_negative		CAAAGGCCTGTGTGGAACCATGGGAGCATGTGCAGTCGTCGCTGGCTCTT
ILMN_1343932	3130424	negative	permuted_negative		CAGATGTCAGCTTTGACCGATGTACTCTGCAAGATAAGCACAACCCCTCT
ILMN_1343833	1580615	negative	permuted_negative		GGGGACTTCGGACTTGTCTGCTCAACACCAATCTGCACGGCAATACAGAG
ILMN_1343374	4810551	negative	permuted_negative		GATGCTAGACACTGGATAGCGTGGGTGGGGAATCGGTGCAAGAGCAAACC
ILMN_1343305	730201	negative	permuted_negative		GCCAGAATTGGGAGAGGATGAACACAGGATGTAACGGCAAGGGTCGCAAG
ILMN_1343969	3800192	negative	permuted_negative		CCCAATCAGGCACGGCAATCACCAGTAGAGGATGTGAAACTGAGCAAGGG
ILMN_1343902	5550309	negative	permuted_negative		CCTGAACAGGGCCGTGGATGGACTTTGGCAAACTGGGACGAAGTCAGCAA
ILMN_1343604	1940398	negative	permuted_negative		CTGTCACTGCTCAGACCCCGGCGTAGGTCCGGTAGATCTGCCATAAAAGC
ILMN_1343856	7200653	negative	permuted_negative		CCCCAGGGTTAAGCGAGCCACCCTCTTTAACACCATCCCCATAATAGTAC
ILMN_1343780	7200201	negative	permuted_negative		TACAGATACACCGTCGTGATTGCTGGACACAGGACCAGAGCCTAACCCTG
ILMN_1343332	1470563	negative	permuted_negative		TTCTGTCTCACAGCTGACGTTCCTGGCCCGCATACCAGCAACAGATGAAA
ILMN_1343918	4860519	negative	permuted_negative		TCCTAAGGACAACATCCATCTAAACAAGGCAGACCTCCGATACAAGTGAA
ILMN_1343890	1400242	negative	permuted_negative		TCAGGAAAATGACCCTTCATAGGAAAAGACCCCATACCCCACTCTCTGGG
ILMN_1343857	2900273	negative	permuted_negative		CTGTCCGATCGTAGGTGTTTACATGCGGTGTTGCCGCTAGCCCCTGTCCC
ILMN_1344015	6040133	negative	permuted_negative		CATGCCGATCCGTACTGAGCCCTCGCAGGAAGGAACTTTGCTCCAGCAGG
ILMN_1343311	940273	negative	permuted_negative		GGCTATGCTCCCCATTAAGGCAGGCCCCCGACACAATTGCACCTTCTTGC
ILMN_1343404	7150544	negative	permuted_negative		TGAGGAGTGAGAGGCGGAAGGATAGCACATCGCCAAGAAGTGGAGATATG
ILMN_1343677	240739	negative	permuted_negative		CTGCCAACTAGTCATGGCGACTGGAGCAAGGTGATCTCGGACCGCCACTA
ILMN_1343666	540470	negative	permuted_negative		CAGACTAAATTCTCAGAGCTTACGGACACCCTTATACCTTAGCTAACTTG
ILMN_1343649	770059	negative	permuted_negative		CGGATATACCTAGCCGTGGCCATCCCAACGCATCCGTCTGTTGCAATCCC
ILMN_1343637	1980504	negative	permuted_negative		TCCCCCGTAGAAGACTAAAAGTCGGCCCCGATGTGGTGTGTTGCCTGTTC
ILMN_1343718	70204	negative	permuted_negative		GACCACTATAAACCGGCTGACGGAGTAGACCTAAGCTGAGACGAAGCCTT
ILMN_1343543	2190678	negative	permuted_negative		TTACTCCCAAACCTTTGAACATGCGCCTCAAGCCCGGAGCTCTGCAAAGA
ILMN_1343912	990039	negative	permuted_negative		TCCAAGGTCCAGTCCCGTCGCGGGGAATGTATTCGGGCTTCTTCATTGGA
ILMN_1343923	6020187	negative	permuted_negative		AAGCCACGCGGGCAGTTATTCTGCCCTAGGCCATGTGTAGTACCCCTACT
ILMN_1343908	6840193	negative	permuted_negative		GGGATGTGCGGCGCAACTTGTTCGTGTTCTGATCTAAAGGCCTGCACACA
ILMN_1343516	2340064	negative	permuted_negative		TTTTGCGAATGCGACGCCCTCCATTGTTGAGGTCCACATTGATGTTCCAT
ILMN_1343341	4670047	negative	permuted_negative		ATTGTGAAACCTTGCAGGCCAACTGTAAGCTACATCCTACCGACCAGCTC
ILMN_1343570	2140632	negative	permuted_negative		GAAGCACATGCCGGATGCCACCCAGCTGAGAAGCTAGTAAAAACGCTTGG
ILMN_1343385	5310184	negative	permuted_negative		AGGAGACTGCAAGACATGCTGTTTAACCCCCCAAGTGAAGCTGACGTACT
ILMN_1343455	240180	negative	permuted_negative		GCCGACTTCGGCATGGAGAAGCAATCATCCTGGCCCCGACCCGCAACGTG
ILMN_1343715	2690195	negative	permuted_negative		TTCATGCACCCAAGCCAGGGTTTGTTCCCGCCATAGAGGCCCTTCCCAGT
ILMN_1343449	6330630	negative	permuted_negative		CAAGAGGTCCAACCCAGGCATTGTCCCAACTCCGGTGGTATGCTAGCCAG
ILMN_1343433	2490286	negative	permuted_negative		TTCCCCATGAGCGTGGTCGGATCCCTTTCCTACCATGCACGCTTTTTTCC
ILMN_1343519	4010717	negative	permuted_negative		ACACAGGCCGTACTGGAGGTCTTCTGAAACGGGGCTCTTGCGCAGCATTT
ILMN_1343513	6370730	negative	permuted_negative		TCCCCCACCACAGGTGCCAGGAAAAGCCCACAAGACGTACGAGCCTCATA
ILMN_1343988	3370017	negative	permuted_negative		ATGCTGTCCCTCCAGCACAAGTATCCAGGAAGGGCACTATAGCCGGCCAC
ILMN_1343505	830243	negative	permuted_negative		CCCATCTACCCCCTCGGGACCTCGAAAGACAAGATGCGGTTCAAAGTCCA
ILMN_1344018	6760228	negative	permuted_negative		TTCGACGAAGCCGCTAGGGAACCCAGAGTGAGTGGAGTCGACAAAAGATC
ILMN_1344027	620743	negative	permuted_negative		GCTAGATCAGGACAACCTAGCTATCCCGTCGACATCCCCCTTACGGGGTC
ILMN_1343643	4920050	negative	permuted_negative		AGCCCTACTACTCCATCGACCACGCGACACCTTGACCAACCTGAACTACA
ILMN_1343579	5420632	negative	permuted_negative		ATGACGAGGGCAGATAACTTGTCGTAGGACCGAGGGACGACAATGTAGCG
ILMN_1343772	5870347	negative	permuted_negative		CATGATCTTCCCCACCGCACTTGAATGGCCTAAGCGAGCATCTACTCCTC
ILMN_1343905	7040367	negative	permuted_negative		CAACTTCACCGACCACCATAGGGGGTCTACGCTGAATTAGGCGCGAGCGA
ILMN_1343755	2940523	negative	permuted_negative		TACACACAGCTGACCTTTGAAAGTTGGGTGACGTGGGATTGCGAAGGAAC
ILMN_1343354	6650403	negative	permuted_negative		GGGATGCACGCCAAGCTCAGGTCCCCTGACTCGATAGGGTGAGAAGGACA
ILMN_1343838	6650494	negative	permuted_negative		AATGTGAATGGAGACGACCTTGGTGATCTACTTACCAAAGATGGGGAGTT
ILMN_1343610	1050296	negative	permuted_negative		TGTGTCTTACTTGACTTTTGTGCTTGATGAGTGGATCGGGCGGCGGGCAG
ILMN_1343360	6660367	negative	permuted_negative		CAAGAAAGGATACGCAGCCAGCGAGTGAACAGCGCAGGCTAATCCATCGG
ILMN_1343375	5720164	negative	permuted_negative		TCCGGTGGAATGTGTACATAAGCTTGCATGAACCCCCCGCTCATAGGGGC
ILMN_1343909	1510097	negative	permuted_negative		GTCGGTGACTGTTGCTGCACCCAAGCCGTACCTTCCTGTCTACCTGCTAC
ILMN_1343640	4210475	negative	permuted_negative		GGACGCGGAGAGAATTGAGGCATGACCGAACCGGCGAGCGGCAGGTAGAA
ILMN_1343759	6420445	negative	permuted_negative		GGTTGCTGTCTTGTTCGCGAATTATCGGAGCAGCCGCCCTTAACCCCTAG
ILMN_1343531	130113	negative	permuted_negative		TTGGGCTTGCCCGTCTTTGTCGGGGGCATCTGGGTTCTATTGCTGGTTCA
ILMN_1343794	4890524	negative	permuted_negative		AGCAGCGACTGCGTGAACTGCTGACGGGCATGTCCCAGGCAAATAGATAG
ILMN_1344007	6560685	negative	permuted_negative		ATCAGAACCCTGAACCGATCAGCCCAATGAGCCGACCAGGAAGGACCCCT
ILMN_1344037	6130167	negative	permuted_negative		GCCGCTGCATGACACGTGTTTCTCCAGTCCGGGCTATCCTAGGCGTCGAT
ILMN_1344052	6400692	negative	permuted_negative		TACTACCCCCTGGCGTTCGAGACCGGTCCAACAAGTTCGCCATTCTCTGG
ILMN_1343922	2970035	negative	permuted_negative		CAAAAGAGAGAGCCGCAGTCTAAGAGAGCATGGCACCCGCTAAGAGTGTG
ILMN_1343769	520026	negative	permuted_negative		GAGTTTCGGGGACCTGGTCGTTAGCCTAGGGTTCTCACGGCGCATGGTCA
ILMN_1343399	110224	negative	permuted_negative		AGTTACTCACAACTGCGTTCCCCCACGGCCTATGTTACGAGTCCCATTGG
ILMN_1343816	1230400	negative	permuted_negative		AGAGGCTTGAGACACGTGGCATGCTAAAATTGGAATTGATAGTAAGTATG
ILMN_1344053	3840014	negative	permuted_negative		AGGACGGAGCTCTGCCCCAGCAACTGTGATGCTCGCTGTCGGCATTCTCG
ILMN_1343309	780653	negative	permuted_negative		CTCCAGAAACAAGCCACTGACGCGTAACCGAACATTCCTACGTGCTGGGA
ILMN_1343440	6550128	negative	permuted_negative		GACCCTGAGTCCTCAAGATGCCCAATCCAGGTCAGTTTGCAAGTTTGCCG
ILMN_1343767	3310072	negative	permuted_negative		TCGGGGACTACGACTAAAGAGTCGCGGGGAGTTTGACCAGCAACCACCAC
ILMN_1343959	6480324	negative	permuted_negative		GAGATCGGTAGTGTGCAGGTTAGCTGGGAGTCAGATTGCCGATATCTTTA
ILMN_1343595	2470544	negative	permuted_negative		ACTACGAGGGGGCGCATCGTTGGAGACACTCAAAGCATACATTCCAGGAG
ILMN_1344012	1440156	negative	permuted_negative		TTCCAATGACCTGGCTTCGGTTTCGAGAAGCTACTGACCCGCTGTCCCCG
ILMN_1343628	6480296	negative	permuted_negative		GAGGTCGGCACTCCAGTCGGCCCTGATTTGCACTCCCAATGTTTTAAGCT
ILMN_1343682	6860332	negative	permuted_negative		TCCTCTTGCGGGCCCACGGGGTACTGTGTAGTGCTATTCGCTCCTCCATA
ILMN_1343879	4040593	negative	permuted_negative		CTGTCTCGAATTACCCGCATAGCGCGCTGTCCAAGCCTGTGTGTCTCATC
ILMN_1343562	840184	negative	permuted_negative		TGTACACCCTTTCACCCGCCTAAGTCAGCTCCCCGGTCGTCTGTCGTGTT
ILMN_1343852	2470239	negative	permuted_negative		CAAACATCCGATCGCGAACCAAGGAACGTCGAGAAGTTAGCCCTGACCCA
ILMN_1343443	3310612	negative	permuted_negative		ACGCCATGTGGTATCGGCGAGTAAGGGCTTGGCAACGGGGCGAAAGCGTT
ILMN_1343450	4540136	negative	permuted_negative		CTCGAGTTCGGCGCTTCCTCCTCGATCACCTCATTACGATCAGCATTAGG
ILMN_1343742	270400	negative	permuted_negative		GAGAGACCTGTAGCATCCTTGGGACATTCCATCCCGTAGACCCTGTTGCT
ILMN_1343477	3870468	negative	permuted_negative		CAATTAGGACTAGGCAGCACCAGATTAGAAGCGGACGCCGGGTTAACGAG
ILMN_1344022	3990114	negative	permuted_negative		AGACACCCTGTCCGGCACTCCCACTAATTGTTTCGAGCAGGTCGAGCCTT
ILMN_1343406	1400164	negative	permuted_negative		TGAGGAAGCAGATGGTAGAGCCGAGCCCCCTCATGAGTCCAAAAGGGCCT
ILMN_1343542	7100102	negative	permuted_negative		AACTGTCCTGTCGAGGGACCTTGCTTCTGGATCTAGCCCCAACGTGGACC
ILMN_1343349	5550168	negative	permuted_negative		TTATTTATCCCCCTCAGGGATAGCAAATTAACTCCTGGGCGTTGTAATTG
ILMN_1343952	110709	negative	permuted_negative		TGCACCGCGCATTTCAACTACCTCTCATGAACGCGACCGAGAAGCGGATC
ILMN_1343651	1710196	negative	permuted_negative		GCTCACGTGCACGCTCCAAGATCGGACTGCATCGGAATGGACTTCTTCGG
ILMN_1343302	6940653	negative	permuted_negative		TGCGAGTGGAGGCAGACCGGTAGGGGAATGCTAAAGGGAATTGACAAGAG
ILMN_1343495	610411	negative	permuted_negative		TGTGTCCAGAGGCCCCAACCCGCTTTGTCGAGCATAACGATGACGGTTGT
ILMN_1343605	780709	negative	permuted_negative		AGGTGTAGCGTTGCAGACCAGTCTCATTCGGACCAAACGATTGGATGCCA
ILMN_1344032	50564	negative	permuted_negative		CACCTTACCCACGGAATGGTAAGCCTACTTGGAGAAAACTACCCCCCTGC
ILMN_1343639	2350008	negative	permuted_negative		CCAACCGTATCAGGCTTCGTGTAACCGCAGATGTTTTCAATCATACCCAC
ILMN_1344023	3170228	negative	permuted_negative		TGGAGCTCGTTTGCCGGATGTGCAATGAATCTATAAGCGACGGGTGGCCT
ILMN_1343926	1300528	negative	permuted_negative		CCTTTTGGCATGCCCGCTCACTACTCTGTGCTGGCGTATCGGATGACCAG
ILMN_1343898	5130148	negative	permuted_negative		CCATGCCTCGCCCCACAGTCCCTAACCACAGTATCACACAACTAGCCCAG
ILMN_1343751	2140241	negative	permuted_negative		CTTGATTTTGCCGTCAACTGCCCAGCGAGAGACCCCTGGTACAAGAGTTC
ILMN_1343473	1570202	negative	permuted_negative		GGCAGCTAAGGGCATGAGGTCGGCTTCTTTGTCTCATCGGATCACTGCGA
ILMN_1343692	3360202	negative	permuted_negative		CCTGGTCTCAGGGCCCACTACTATCTCACGTTAGCCCACGTAGCCTACAG
ILMN_1343744	4260646	negative	permuted_negative		AAGGGCGCTAGACCAGAGTTCATACCGAGCAAGAGGGTAGACCCGAATGG
ILMN_1344000	1740632	negative	permuted_negative		GCACGTAGTGGTGGACCTTTTGACTCTCTGTTTTCAGGGCCGCTAGTTGA
ILMN_1343410	1410228	negative	permuted_negative		CCATTCTGCCCACAGTCCGCTCAAACACTGGGATGTCTCTGTTTTGTGGA
ILMN_1343867	5810524	negative	permuted_negative		GGGCACCCAAGGTCTCGATACAAGCCAGGGGATCCTGCGAGGAATAAGTC
ILMN_1343719	6580288	negative	permuted_negative		GAGAAAACCCACCGGAGACTTCCACCACTAGCACAGCCCAATTCCCAAGC
ILMN_1343509	3440161	negative	permuted_negative		TGCGTTGATGGATCAATGTCCCCAGAGGCGGTACCATAGGGGGAAGTGGC
ILMN_1343650	1190059	negative	permuted_negative		CCGGAAAATCAAGGGATGATTGCGGGCTTCGAACTACAGGCGCTGGGAGA
ILMN_1343796	4280338	negative	permuted_negative		CTGTCCTATACGACCGTGCTGGGGTAGCTGGACCATTTGATGGAGCTGCT
ILMN_1343765	5810451	negative	permuted_negative		GGTAAAAGGTTGGGAGACGAACCAAACTTACTCACGGACATACTGCACTC
ILMN_1343652	7570037	negative	permuted_negative		CTCCCGGAGTAGAAACCCGCTCGCTGAGAAGCTGCGGACTGTTTTCAGAG
ILMN_1343589	4830435	negative	permuted_negative		CTTCTTAGACTGCCCGGTTGGTCACACCACATTTCGAGAGCGATTGCGTC
ILMN_1343853	10575	negative	permuted_negative		CTTACCCCAGTGACTAAGGACCCGGACTGGGGGGCTGTATCACGGATTAC
ILMN_1343917	7000608	negative	permuted_negative		ACCAAAGAGTGTGTCATCGCCCGCCTTTCAACTTATTCGGTCCAACAGTC
ILMN_1343429	1710458	negative	permuted_negative		AACCCTATTCCCGCAGGCTTACCGCTAGCACACTTACCCCATTTTTAGTC
ILMN_1343634	5340309	negative	permuted_negative		CCCTTGCTCACAGGTAGTACACCTCACTAAAGCCCGAACATCTGCCCTGG
ILMN_1343299	2470411	negative	permuted_negative		ACTACTGAGTTAAGAGTAAAGACCTGTTAGTAGTGCGTCCAACTGCAGCT
ILMN_1343454	610180	negative	permuted_negative		AATAAAGGTACCGGCTTCACGGTGGCGCACTCGATCTGTGTTCCCGGAGG
ILMN_1343836	5420445	negative	permuted_negative		CTCCAGACGGATGTGCCCTAATTGTGCCAACCTCTCTTCACATGACCCTG
ILMN_1344011	2810435	negative	permuted_negative		CAAGATTGTGCTCCCATGTGTGGTACGCTTATAGGGGACACTTGCTGGGA
ILMN_1343941	7400681	negative	permuted_negative		CGGGGACGAAGTGGCAGACGCCAAGTCAAGGTGGATCAAGTCAGTCACGA
ILMN_1343552	650463	negative	permuted_negative		AGGGAATGCGATGGGAAATAACCGTGGTCAATTTGTTTCTGCCAGTATGC
ILMN_1343849	5960347	negative	permuted_negative		GTCTTTTGTTACCCTGGAGGTCTTGTTGGCGCACTGTTGGCAATTGCGAC
ILMN_1343499	380364	negative	permuted_negative		AGTACCGTAACCTGGCCACCCCGACCAATAGCAGATCCACTGACCAACCC
ILMN_1343609	1980228	negative	permuted_negative		TGGAAGGTGAGGCCATGCGATTTACTGGGGGTTCCGAAGGACTACCATGT
ILMN_1343426	4390722	negative	permuted_negative		CATGACTGGTATGCCCCTATTTGGACACCGGTTGTCTGCCCCTGGTTTTC
ILMN_1343860	4150333	negative	permuted_negative		GTGTGCTGGCGACCTTGAAACCCGGGAGCCTGAAACAAGGGGTGTCTAGA
ILMN_1343312	2450630	negative	permuted_negative		AGACCATGTAGTGAGTGAGGCGGCTTCTTGTACTGCTCTCCGCAAATGAT
ILMN_1343711	5860095	negative	permuted_negative		GTCCCCGGACCATGCAGGAGATCAGAACGTGGCTGGGTACTAGATGACCT
ILMN_1343664	1990612	negative	permuted_negative		TGGCAGTCATGCGGATCTGCAAGTCGTTGCCTGTTACTGGCCATCAGTGC
ILMN_1343326	4040639	negative	permuted_negative		GAGAGGCCACACCTAAGACCCAGACACGCGTCCACAGAAGACCGATTCCA
ILMN_1344042	4050324	negative	permuted_negative		CTGCTGTTCGCTATACTGGTGATTTGTTCGTGGTGCCCGCCGTGGCTCTC
ILMN_1343791	1050358	negative	permuted_negative		CGTTCCTGGGGCGGGGTAATTCAGGAATGCCAATAGACCCCTTACTCGTG
ILMN_1343310	7210609	negative	permuted_negative		GAGGCATTATCTGCAGCGAAGCCGAGTTTAGGGGACAAATTCCGGCCTTG
ILMN_1343345	5130138	negative	permuted_negative		TGCACGACTGTAGGCGACTACTTGGTCTGTGTGATAGCGGGCCTCAAATG
ILMN_1343904	7510070	negative	permuted_negative		CCTAAAGGACCCCTTTTCGTGGGCATGCTTGCGACGTACTTTTTGAGCTG
ILMN_1343893	1050538	negative	permuted_negative		AGCTCAGCCTATGCGTCCGTATTGTATGCCGTACCCCTGCTTGAGGGGCT
ILMN_1343787	5340594	negative	permuted_negative		GACCTAAGGCAACCTAGTTGTTGTTGGGGTCCCTCGTTCTGTCTCCAGGT
ILMN_1343722	6290041	negative	permuted_negative		AGGGGATTTGGCGGTAGGCATTCGGAATCATTACTTCACAGGTTGAAAAG
ILMN_1343596	10689	negative	permuted_negative		TTTTGCACCCCCTGATTCAGACCTGGAGCGGCCCTGACGATTCACCATGG
ILMN_1343555	6380386	negative	permuted_negative		CTCGCCGACCCTCGTGATATGCCGTACCACCTAAGCCAACCCCTAAACCA
ILMN_1343935	2810020	negative	permuted_negative		TCTCATACACACGACGGTAGACACGAGGAGCTCACAACGTCCAAGGCGTA
ILMN_1343584	5810020	negative	permuted_negative		GAGGTGAAAATGCCACTACCCGCAGCGGAGTCTAACCAATTCACGAGCTG
ILMN_1343484	3310433	negative	permuted_negative		CTTCTCCCTCAGCACAGCGTTCCTGTTTAAGACCGGGTCGACCTCCATGG
ILMN_1343671	6330017	negative	permuted_negative		AGGGTTCCTCCTAGCCTTGCTCCTGATCCTATTTGCGATCTCTGTTCGCT
ILMN_1343578	6420402	negative	permuted_negative		GAAGACGGGTACGAAAGCGTGGCGAGCTCAAACAAGGTCCTTTGAACGGC
ILMN_1343680	380438	negative	permuted_negative		CAGGTGCGTCATCATCCCTCACCCACGGAGGAATTGCTCAATGCAGGCGA
ILMN_1343396	2750338	negative	permuted_negative		GCTAGCCCACCTACTTGAAGGCGTATGGGAGACGTCAGGGAGCAGAAAGC
ILMN_1343382	2810424	negative	permuted_negative		GAACCACATACATAATGCTCGCCTGCGGACTTTCTCCAGCGCCAAGCAAT
ILMN_1343974	4920092	negative	permuted_negative		CCGTGGGTCACACTCTTGTGGAGTGTCAAGACGGACAGTTCGTTGGGCTT
ILMN_1343641	6770292	negative	permuted_negative		ACATCCGTCTTGCATAGCAACGCGCCCAGGCACTATCCTATCACGGTCCT
ILMN_1343307	4150239	negative	permuted_negative		CTCTATTGTCCCGAGAGCGTGCAGATCTCTTTACACTGTCTCTTTAGAGG
ILMN_1343999	6020301	negative	permuted_negative		CGTTGTATTTTCGACGCTACTTGTCTTCAGTGCAGGCCGCGAGTTTTCAC
ILMN_1343547	5490168	negative	permuted_negative		AACGCCTTCCAGATGGCCAAGTTCCCAATCGGGCCTGACCCGTGCAGAAC
ILMN_1343868	4900754	negative	permuted_negative		CATCTGACTGAGGGCTGCTCAATGACGATACTCTGCCTTTCCCCGAACCT
ILMN_1343831	2940241	negative	permuted_negative		TGGTATTGTGGCCCCTTTCAAGCGGCGGAAACAGATCCGGCGTTCTGAGA
ILMN_1343624	1090220	negative	permuted_negative		TCACGATTGTGGGCAGCGTTCTGATGGCGAGTTGGTTTGTGACAGCGTAC
ILMN_1343423	6400292	negative	permuted_negative		AGGTGTCCAAAGCGGGAACAATGGCCTCGCCAGTTGGCTCTAGATGATAG
ILMN_1343617	4570088	negative	permuted_negative		AGTGTGCTGGTTTTGCTTCCGTCCTGGATAGGCTCGGCAAGAAGTTGGGC
ILMN_1343725	3930674	negative	permuted_negative		GGTGTTCTGTTCGGTGATCTGGCCAGCAAGTGGACATTTATGAGACTATG
ILMN_1343716	1070204	negative	permuted_negative		TAATGGGGATTTGACACTCACGGTTTACTTCCACATCTATGTGTCTCTCA
ILMN_1343828	5900523	negative	permuted_negative		AGGAGGCGCATGAGGACACGGCAGTCCCTGTTGGCGGACTCGATGAAGGA
ILMN_1343964	5310059	negative	permuted_negative		GCAGAAAACGCGGAATCAAAGGCCGACATGCGGTCCGACAGATTCTCCCT
ILMN_1343889	6450047	negative	permuted_negative		CTCACAGTTCAGGTGTCCGGCTGGAACTGATTGATTGAGAGCTGCTGGCT
ILMN_1343384	580685	negative	permuted_negative		ATAACACCGGAGGACCCAATATCCAGCCAACACACTCGCAAGAGCACTGG
ILMN_1343475	2070703	negative	permuted_negative		GGGTCCGGTGCGGAGTGTGTTTGAAGTAAGTTAATCCGTCGGTCCGCTGC
ILMN_1343760	5420451	negative	permuted_negative		GGGAAGTATAGCCGAACATGTGCAGAGTGCCAATGGTGGAACCGATAATG
ILMN_1343800	7320672	negative	permuted_negative		GCCTGGTACAGAACAGCAGTGCCAGACCCTTGTGGACAAAATACCCCGGG
ILMN_1343417	2350324	negative	permuted_negative		AGCTTTCCATATCTGGGCGCTTCTCTCATGTTCCCCCTCTCCAGCCTGGT
ILMN_1344067	2450470	negative	permuted_negative		CCCTCCCCTCACGTATGCTGCGTCTCATAAACCCTACGTACCTTAGCCCC
ILMN_1343946	510754	negative	permuted_negative		CTGAGGTGAGCGTGCATGGGGCCGGGGAACAATGTTGGGTATGTTGGGGG
ILMN_1343732	360450	negative	permuted_negative		CGGGGATAGCCACCTCGCTTCAACCGTCAGAAGGTCAGACATGTCGGCTT
ILMN_1343778	2680326	negative	permuted_negative		GCTACATTCTGGAGGATGAGCACAAGAGATTCCCGGGTTGAAGCATACTG
ILMN_1343488	7560564	negative	permuted_negative		GCAAGCATTTCTTGGTACGACGTGGAAGAAGCGAGACCGTCTTGAGATTG
ILMN_1343548	7330541	negative	permuted_negative		CCCCTTGGAATGCTGTGGATCAATGCGTTACCGTGCTGCATAGGCGCTAC
ILMN_1343736	6380619	negative	permuted_negative		AAATGGACAATCCTATCATGTGCCATGTGTTGAGCGTGAAGTCGGTGTCT
ILMN_1343529	5690524	negative	permuted_negative		AGATCGAAGCGGTGCAAGGTGCTGTAGAAGTGAGATCGGCATGAGGTCTG
ILMN_1343425	6200671	negative	permuted_negative		GTAGTCTCCTCCCATGGCTTGCTAGTACTTGGTCCCTGTCACGCAGCCTG
ILMN_1343647	6200711	negative	permuted_negative		CCATAGAAGAGAGTGAAGCGGTTAGACTGGCACAAAAAGGCCCATCGAGC
ILMN_1343741	2350768	negative	permuted_negative		GGGGTATCGATGAGAACGAGCGCAGTAAAAGAACGAGTCACAACTGCAAG
ILMN_1343313	1980717	negative	permuted_negative		TCTCCATTGTTGACGCGCTCCCGGCCAGTCCCTTGACCTGTAAGGTGATG
ILMN_1343444	540128	negative	permuted_negative		CTGTTGGGCCACCTCGAAACTGGTGTGTTTCATTCGGAGGTAGTGCACAA
ILMN_1343688	4220725	negative	permuted_negative		CCGCATGTCTGTTACAAGGGGTATGAAAGCGGGCCGCGGCGTACCTGCAA
ILMN_1343886	4260707	negative	permuted_negative		GAGGGGGGTGCCGTTGGAGACTAGAATCTGTATGGGATTGGGTGGCATTG
ILMN_1343840	3710687	negative	permuted_negative		CTGCTCGCACAAAGCCTCAAGGCGCCGACCTTTTAGAACCTCTCCTGGAT
ILMN_1343453	1780136	negative	permuted_negative		TCTCGATGTGGCGCTCCATCCCCGTACTCTCTCCTAAACTTAGTGGGATT
ILMN_1378483	1990017	negative	permuted_negative		TACGGATACGACAACAGCAGGCTCACCGCCAGAGAATCTCCCCCCAGAAC
ILMN_1343438	2450735	negative	permuted_negative		TGGTCCAAGCAGCGGAGAGCCGGCCTAACATTACCGACAACGTGAAACCC
ILMN_1343492	7320451	negative	permuted_negative		CTGTTTCCGCTACAGCCTGCTTGAATGTGCCTAAGATTAATCAATATGGC
ILMN_1343597	2680228	negative	permuted_negative		CAGGGCAATTGATGCTGCCATGACCCGTACACGGTCCAGGAGGCAAGTCT
ILMN_1343956	7570360	negative	permuted_negative		CCTTTAGCTGAGAGTGTCTCGCCTCGTTTTCTCAGGGCCCTTTCGCGAAG
ILMN_1343331	4560221	negative	permuted_negative		GGGCTCATGCTGGGTGCCCATGCACTTATTTTTTCTCTGGATGTCCCCAC
ILMN_1343993	430706	negative	permuted_negative		GGGGCACTGGACCATTTAATTGACCGATCGCTCTTGGGCTCCGCCCATAG
ILMN_1343940	3060681	negative	permuted_negative		GGGATGAGGGTGCACGGAGTGGGTAAGCATGGAGTCTGAGACAAGTCAGC
ILMN_1344005	4180184	negative	permuted_negative		TGGCGTGCCTGTTCGGGATGTCATGTAGAAACCCCGGGTCAGCACAGCAT
ILMN_1343536	2320025	negative	permuted_negative		TAACCATGCCTACAGGATCCCCACTCAAGCGTCTCTTCGAGGTGACAGAA
ILMN_1343701	2510170	negative	permuted_negative		CGCAGGCCTTGCCGTCAGCTGAAAGAGTGCCCAAGGATCCGGAGGGAATT
ILMN_1343877	3830524	negative	permuted_negative		ACAACTTGGTTGAAAGGCCCCGGACATGGATTCTCAGCGTGTGGTTTGGA
ILMN_1344003	4810402	negative	permuted_negative		GCTTTCATACAACAGCACGGGGGATATCCGGCCACCTATACTTCCTGCCT
ILMN_1343612	3120192	negative	permuted_negative		CAGGTTCTTCTACTCGGTCTGGCCCCGGTTGGTGTCTGTGGCTTTCGATG
ILMN_1343987	6130128	negative	permuted_negative		CTGTTGAGGTCGCACGTTATAACCCAATGCGGTGCGGCGAGTTGCCCATA
ILMN_1343700	4010465	negative	permuted_negative		TTGGTGTCGCAGTGCGGGAAATTGGTCTCTTGTCTGGCGCGGTTAGGGTG
ILMN_1343695	1570482	negative	permuted_negative		CCAGAGTTAACTAGAATTTCACCGGGGCTGACGCTGCAGGCCGTAAGCTC
ILMN_1343427	770092	negative	permuted_negative		CCACTTCAGTCACCGGAGACCAACCGTCACCTAGCTACACGCAGCCTACA
ILMN_1343799	50189	negative	permuted_negative		GTGTACGAGTTCGTGGCAGCCGATCGCACCTGAGTTCCCTGTGGGGGACT
ILMN_1343662	6550470	negative	permuted_negative		TTCAACCCTGGGGAACTCCCCGCAAGGCAATCTTTTGCCATTCTACCCTA
ILMN_1343315	4900717	negative	permuted_negative		TGTAGTAAGTAACAGGGTGTGAGAGTAAGGAATCCTCCCTGTGAGGTAAC
ILMN_1344024	630224	negative	permuted_negative		CGATGTTCTCCCCCCAACACCCGATCCCAGACGACAACAACCCAATTCTG
ILMN_1343606	5340601	negative	permuted_negative		AAGAGACAGACCAAGATGACAACGAGGGCGAGTCATCGCTGGGGGTGCCA
ILMN_1344060	5360400	negative	permuted_negative		AGCCACCTCCGGATCGGCTTCACATCACGATCGGCATCAACGGGGTCGTC
ILMN_1343979	510414	negative	permuted_negative		GCCCTCGACACTCTGCCACCCGACAGTGGCGCTCCTGCGGCAATTCCTGT
ILMN_1343888	150370	negative	permuted_negative		CTCGCATCTAATGACTGGTGCCCAAGGCCCACATGCTATTAGTACCTTGG
ILMN_1343368	2480093	negative	permuted_negative		GTTAGCGGGACCTGGATCTTTGGTTTCATTGACTGCCATTTAGAGTGCAG
ILMN_1343452	1240706	negative	permuted_negative		GCTCTCACCGACAGCCCAACTCTGGATCCCGGCAACATACACCCGGACTT
ILMN_1343957	6560360	negative	permuted_negative		GTCATGCCCTCTGCGTGATGCCCGTAGTTGACTATTCCTTGATCAGGAGC
ILMN_1343582	2750379	negative	permuted_negative		CATGTACTGGGATCTGAGGAACCGAGGATAAGGTGCCAGTTTGACGGGAC
ILMN_1343319	4280110	negative	permuted_negative		CTGCTGGACTTGGTTTAGGGACCGCTTGACCTGTCCCACATTGGGGTGAA
ILMN_1343448	1450121	negative	permuted_negative		CCTATACTAAACAGCCGACCCATGGCCCCACCCCTACATCCGGACTCATG
ILMN_1343463	5270634	negative	permuted_negative		TCTTTTCATCTACAGCACCGATTGGACACCGACTGCTCCAGCCGGCCCAC
ILMN_1343357	3400504	negative	permuted_negative		TGTGCCCAAAAAAGCCACACATGCCCCCCGGCACTACCTGCACCCAAAGA
ILMN_1343809	650707	negative	permuted_negative		GTCGCATTTTGTGACCCTGTGAAATGGGCATATGCGTGAGCTCATGGTAG
ILMN_1343468	110040	negative	permuted_negative		GTGGACCAGAGCTTACGGATCTTCCACCGTGCCCTCCTACCAGGTTCTCC
ILMN_1343824	6290468	negative	permuted_negative		ACCCTTTGTGGTCAGTCCGTATCGCTTACGCTTGTCCAGGTATGCAAGGG
ILMN_1343424	5390711	negative	permuted_negative		CCCGCTAGCCCAGATTGACACCCCAAAGCTCCCTCAAGCACCATCGTAGA
ILMN_1343370	6020731	negative	permuted_negative		GCCCACCAATTTCCGCTTAGGTTGGATACGGACTCCTCGCCCAATCCTTC
ILMN_1343574	5700445	negative	permuted_negative		CGTATCATGATGGATCGTCCGTCTCCCCTAGTGTCCGGTAACGTGTGGGC
ILMN_1343344	3420138	negative	permuted_negative		TCAGGACAGACTTGGACGTGAGCGCCCACATGATGCCACATCCATCTACT
ILMN_1343296	5960452	negative	permuted_negative		GTGCCTGTTGACACTTTCGGTTGTGTTGTTCCAAACCCTCACTATGCTGC
ILMN_1343524	450215	negative	permuted_negative		TTTCCTTGCTTATCATTTAGACCAAACCTGCGTGGCTCGCACCATCTGTC
ILMN_1343863	5340333	negative	permuted_negative		TTCCGCTTCCGGGAACACCCACCCTGCTTCTTATCCCTCCCTAACTAGGG
ILMN_1343781	2900131	negative	permuted_negative		AGGTACGGACTCCCAAGCTACCCCATGCAAGTGTTTCAGCTGGGGCAGGT
ILMN_1343705	450600	negative	permuted_negative		CGTTGCCATGCTTTTCCTCGCCTCCTGTTGGTCTTCACCGGGGGCGTCTT
ILMN_1343564	7610672	negative	permuted_negative		CCCCCCACACTGGTAAAAATTGCGTGGCAGAAAAGGCGTGGATACTAGAG
ILMN_1343390	4290341	negative	permuted_negative		CGCAAAGTCGGCAAGCGCTTCTGCGGACCCCCACGTGGTAATTCAAGACT
ILMN_1343797	3520064	negative	permuted_negative		CTGTGGATTAGATCACTGGTCCAGCTTAGACAAGTCGGATGCTGCTCTCC
ILMN_1343691	3120563	negative	permuted_negative		CATCCAGGGGGCCATGGTAGACACGCATGAGGGAGTATATTGGCGGAAAG
ILMN_1343621	110750	negative	permuted_negative		GGGGGGCTGGACGGTGACCCTGCTTAAAACGGAACACTGAGGAAGAGTGT
ILMN_1343600	2900767	negative	permuted_negative		ACAATGGCCGGCTTCTGAGGTGTATGACAAGAGGGGTCGCAGGAGCACTG
ILMN_1343874	5690138	negative	permuted_negative		GTGCCTCGTCAGCTTGGGCTGTTTAACCACAATTTGCACCTCAATTGGGA
ILMN_1344041	5290324	negative	permuted_negative		CATGTCCACACAGCGCACCTTTTGGATCGCACAGGTCAGTGAGAGTGGGA
ILMN_1343380	6520082	negative	permuted_negative		AACGCCTTTAATACCTTGGAGGGGCTTGTATTTGTATTGGACCATCCCAC
ILMN_1343541	6290025	negative	permuted_negative		CCGGAGCCATCCCCTAGAGGTTTTCACGTGGCTCGTCTATGTCGTGCTTC
ILMN_1343445	5090470	negative	permuted_negative		AGGTGAGAAAGGCTCAGAAGCGATCCAACGAGCAGCAATGTTGCCAATGG
ILMN_1343850	1010280	negative	permuted_negative		ATCTATAGGAAAGACCTTCAAGGGAGTTGTTCGCAGGGTCATGGGCTGGG
ILMN_1343672	4540180	negative	permuted_negative		TACGCAGTAACGGACAGGGAGGCCGAACTTCAGCAAATAAGCAGATAGAT
ILMN_1343897	3420538	negative	permuted_negative		TTTCTCCCCCGAGGACAGGTCGCCCTCCTGACGATTGCCATCACTTGCAT
ILMN_1343966	3060167	negative	permuted_negative		GCACTTGTCGGGTAACCACTGGGGCCTCCGTGAGATGGGGATTCGAAGCT
ILMN_1343458	380739	negative	permuted_negative		GTCAAAGCTTGCGCTGCCACCGGACAGAGAGTGATAGGTAATGTTCCAAC
ILMN_1343381	1170424	negative	permuted_negative		ATCCACTTGGTAAGGTCTATGCGAGCGAGGGAATCGGCGAGCAGATTGCG
ILMN_1343675	1780739	negative	permuted_negative		CCCTCGCTAGCTCCAGTCCCCCCTGGTTTATTCCTCTCCATCAAACTGAA
ILMN_1343474	3840202	negative	permuted_negative		TCACCCCCTTGGCCTACCAGTCGCTGCGGTCACATCATCCTAGTGTGTGA
ILMN_1343520	2510754	negative	permuted_negative		TGTCCCCCTTGAAGATATCCGTCCTTGCCACCCTATTACCCGCGGCAGAG
ILMN_1343575	3940386	negative	permuted_negative		AGCTACGCACAGGACTAGCCCCTAAGGCATTAAGGACGTCTCTTTGAGGG
ILMN_1343510	4480273	negative	permuted_negative		TACTTGTCTGAGGTTGCTTTGCCGATTGCTTGATGGGGTGTTTGCCCGGG
ILMN_1343975	5890059	negative	permuted_negative		TGCGCCTCTCCGTTCGACTCTAACCCCCAACCGCGACAGTGTCAACTCCC
ILMN_1344002	1300129	negative	permuted_negative		GGATACGATGTGCAGGTCGCTGTCTGGTGCGTTGCGTGAGGAGTGACGGT
ILMN_1343947	3170048	negative	permuted_negative		GGCACAGTTTCTCTCCACATTTGTTCTCACCTTGCTTCGGAGATGCTCTC
ILMN_1343892	4250021	negative	permuted_negative		GACATGGGGAGCGATGAGAACATGCCCTGCCTCTTACCGAGAAGGCCAAG
ILMN_1343707	5570327	negative	permuted_negative		TACAGCTCTTGCGGAGGAGTCGGACAAGTGAACTAAGGCTTCATGCATCT
ILMN_1343839	2750537	negative	permuted_negative		AGTTCTCAGTGGGCCTATGGGTGCAACGGACAACAGTATGGGGCATCTAC
ILMN_1343763	2750687	negative	permuted_negative		CCCTAGACCTGAGAGTACTAGAGTTCACTAGCGCACCTCGCGATAGGTAC
ILMN_1343815	7550377	negative	permuted_negative		CCTTCTTGTGTTGCCTGCGCTTATGTGGAAACCGCGGTCGGTGTAGTTTC
ILMN_1343720	2650397	negative	permuted_negative		TGCCACGGGCGTCATGTGACCTATGGCTCGCTTTCTTGCTCTTCTGGGGA
ILMN_1343416	3800626	negative	permuted_negative		ATGAAAGAAAGCGCCGTGAGGTCGTGTCTTGCGGAGGTGTGCCTTGCTGA
ILMN_1343986	3400253	negative	permuted_negative		CAACTGTGGCCTATCGGAACAGGAAATACCCTTCATAGCAAACAAGGCGG
ILMN_1343938	5310341	negative	permuted_negative		GTGACACACCTCGGGGGCTGACATGCAATGGTTCCAAATACCAAATGTTC
ILMN_1344049	5560092	negative	permuted_negative		AAGGTTAAGATCCAGGAGGGCGAGATTGGAATGAGTCGTGGGTCTCGTCA
ILMN_1343654	6110632	negative	permuted_negative		GGGGGTTTGAGCTTGGGATGCTCCTGTAGTTAGGACTATCTGCCTACATG
ILMN_1343749	6350603	negative	permuted_negative		ACAGAAACACATGTCAGCGATCGAGTACCACCTGATCAGCCCTTAGCGAC
ILMN_1343776	2470575	negative	permuted_negative		GAAACTTCCCACCACCTGGATACAAGCTACCTTTCATTTACCCCGTCTGC
ILMN_1343496	240368	negative	permuted_negative		TGGACGTTAGCCGACGAGACTCTGGCCCCGAATGGCACCTTAGAACAAAG
ILMN_1343813	6060181	negative	permuted_negative		GTTCGTGGCAGCCCGCGCAGTGTTAGCAAAGACATCCGGGTCCATCCAGT
ILMN_1343366	6270608	negative	permuted_negative		AACCAATCAGCACCGCATGATAGTCATCCCGTAGGTGTCTCCACCATTGG
ILMN_1343847	4640368	negative	permuted_negative		GTGAGCCTGTTAGGCTGTAAATCCTTAGTCACTTTGTGTGGGCCAGCATT
ILMN_1344013	580341	negative	permuted_negative		CACGAGAACTTACCCGAGAAAGGGACACTTGAATGAGGCGCGCAAGACGA
ILMN_1343464	830427	negative	permuted_negative		CCCCGAAAGGTGATGCCCAAATACTCCTCCAATGCGACCCCCAGCTGACA
ILMN_1343456	2120768	negative	permuted_negative		CTCAGCTTTATCACGGTTCTCGGCATCTAGGTCTGGACGATGGGCGCTCG
ILMN_1343623	2470563	negative	permuted_negative		GCAAGTCGGCATCAGGTTGTGTCGGTTGGGTTTTGGGCGGTGATCTGCAG
ILMN_1343768	1690537	negative	permuted_negative		CAGGCAGTGGCCTAGTCTCGCGCTCATGCCATAAACTGTTGTTCAAGCCT
ILMN_1343855	6940333	negative	permuted_negative		CTGAGCAGAGGTGTGCCCGCACCGAAAAGGTTAAGGGGACTAAATTGGCC
ILMN_1343646	5390458	negative	permuted_negative		AAGGCTGGAGTGTGCAAATGCGGTTGGCCGGTAGGAGTGCACAGATTTAT
ILMN_1343493	1240022	negative	permuted_negative		CCACTGTCATCAAACGGTGCCAAAGACTGTCGCCAGTTCTCCCCCCTCTC
ILMN_1343789	4850446	negative	permuted_negative		AAACTGCACGCTTACTACTCGGCGCATTCCATAGGGGATGTTTCCCAGGC
ILMN_1343379	3130129	negative	permuted_negative		GGTCTACTGCACGGTCTTGGGCTCTGCGTGATCTGACCGTATGCGATCTT
ILMN_1343389	6760435	negative	permuted_negative		CTCCATGCGCCCGATCATCCTCTGTGCAACGACAATCCCCACCGACACTA
ILMN_1343875	50524	negative	permuted_negative		GGTCAACCCCAAGCACCCCGATGAGCTTTGCTCTATATCCCATGCATGAC
ILMN_1343834	4490445	negative	permuted_negative		TGGTCACCGCAACACAGTACAGCCTTAATAGGTGCGTAAGCGACCTCAGG
ILMN_1343971	4210609	negative	permuted_negative		GGAAAGCTGAACTATCCCTCTAGCGCCAGCGAACTAGGCCACCATCCTGG
ILMN_1343435	1500286	negative	permuted_negative		CCTTGAGTGCATCACTACAACGGCTCGCAGCCTCCTGCTCAAATTCACGA
ILMN_1343377	2060129	negative	permuted_negative		TCCCCTTCTGGCGTAACCGCTGGCGGGCTTGCCTATTCGATTCTATTACT
ILMN_1343306	5820239	negative	permuted_negative		CTCATCTATACACTGCTCCAGAAAGCGACCAACCCCGGCAGCTGATGGCC
ILMN_1343968	160475	negative	permuted_negative		TCCTACGCAAACGGTGCTAGAGACCACATGACTACATCATACTCCAGGAT
ILMN_1344047	4210671	negative	permuted_negative		CTCAGTGCTGCTAGCCCCGTTGGTTTGCCGGTATCGCCCATAGCCAGTCC
ILMN_1343775	6280477	negative	permuted_negative		AGCATTAGTCAAGCTAGATCAACACCCAGTTCGCCGCTGCCTAACAGGCC
ILMN_1344010	1170435	negative	permuted_negative		TCTAATTGACGACCAGCCATTAGCTGTGATTGGACTGACCTAACGTTTGG
ILMN_1343317	4890110	negative	permuted_negative		GAGCCCGGTTGATGACGTGAGAGCGACAACAAGTATGGCGTGGACCTCGG
ILMN_1343995	3800746	negative	permuted_negative		GCCTACTCTCAGGTTCAGTCTCCTCTCATACCGTTCAACCCACGAGCTCT
ILMN_1344054	6200719	negative	permuted_negative		GCCGTGAGAGGAAGACGACTGAACCTGCCGACTTTCAACAGAGCACGCTG
ILMN_1343960	7050521	negative	permuted_negative		GCGTCCACCCAACCGAATCCCCTGTCCTAATGGTAAGCGATGCTGAAACA
ILMN_1343915	7400035	negative	permuted_negative		CAGATCTGGACACTTCTCAGGCAGTACCGTGGAGATGAAAAAGGACGAGG
ILMN_1343497	2120673	negative	permuted_negative		ATGGAGGGTCTGTCCGGCCTCCTCGTGTCGTCTGTCGCGCTAGTTGTTTA
ILMN_1343846	4830364	negative	permuted_negative		TGGCAGTCCTTTCCCCAGGCACGTGGTCAGGTAAGTACACCACAAACCCA
ILMN_1343591	5870373	negative	permuted_negative		CTGTGTGAATTCTGTAAGCGATGACACGGAAGTATGGAGGGAGTGGAAAC
ILMN_1343408	6130743	negative	permuted_negative		AGAGAGGGTCACGGGATTAGGGAGCAGATTACGAAAGGGGATCTAGTTAG
ILMN_1344028	110343	negative	permuted_negative		TAAGCGGAAAAAGGCATGCGCCCGAATGAGAGTGGAGAACAGGCGAAGGG
ILMN_1343806	4780408	negative	permuted_negative		CTTTAAAAGAGACTTAAACAGGCTGCGAATCGGTTGGTCCCGGAGATCTT
ILMN_1343826	7650603	negative	permuted_negative		CCACACTTCTCGGGCCCGTCCGGACTCATCTTTGACAGAACGCCCATAAA
ILMN_1344065	3870328	negative	permuted_negative		CTGCTCGTCCAAGCACCTCAACTCAACCTAACCACGGCCATGCCGGAATC
ILMN_1343318	6980110	negative	permuted_negative		CGCTACCCCTTCCACTCCCTCATACCTGGCATGGCTTGGTACATGAGACC
ILMN_1344031	1090154	negative	permuted_negative		TCCTTGTTATGCGGGGATTGCGGCCACTCTTTACACCTCATCCCTCACTT
ILMN_1343412	5290521	negative	permuted_negative		TAGGGATTTATAATGATCTATATTCTACCTACCATTGAGAATTGTTCAAA
ILMN_1343629	7050228	negative	permuted_negative		ATCGGTTCCGTCGGCTAACTTGTTCCCCTAGTCACGCTTTCCATCAGATA
ILMN_1343754	2100554	negative	permuted_negative		ACCCACCGACATCTTTCCACAATGGGCACCTCGTTGCAGGCTGGACTAGC
ILMN_1343334	270364	negative	permuted_negative		GACTCCGGACAACCGACTTCCCCCTTAGATGGCCTCTGTTAGCATCCTCC
ILMN_1343431	5050059	negative	permuted_negative		AACTCCCCGTGACTGCATTTGTACTCCCAAACGTGGTCGACCCTGCCGTG
ILMN_1343665	3310577	negative	permuted_negative		CACCTGCATTAGGGCTACGTCTCGTTGTCCCAAGTATTCCGTACAGTGTC
ILMN_1343891	6180242	negative	permuted_negative		GATGAGCCGCAATTAGGAGATCCGTGGACGGCCCCATGGGCTGCCGATCG
ILMN_1343432	2030398	negative	permuted_negative		AGCTCTGGAGCACCGCTGATGGTTTACCGAGCTCTTCTTGTACCCGGCCA
ILMN_1343607	940767	negative	permuted_negative		CACGTCGCCATTGGCACCCCTATTGTGTGTCCCTGTATTGGGTGCTGGTA
ILMN_1343723	7100674	negative	permuted_negative		CACAGCGCTACAGGCTATTCTATCACCGGAGCTCACCGCTGTTGTGGGCC
ILMN_1343661	2370497	negative	permuted_negative		AGTGTGAGTAGGCTCGAGGCTCTGCAGTGCATTATGGTGAGCAACGTGGC
ILMN_1343611	4900324	negative	permuted_negative		AGCCGCTGAGGTAGCCCTGCCTCCTGATTTGTGACGGGAAATAATGTGGC
ILMN_1343491	4540280	negative	permuted_negative		GAAGGTTTCTGGCTGACGTCTGGTCGCCTCCCTTATGTTGTCCCATCACT
ILMN_1344001	4760082	negative	permuted_negative		TTCGCAGACGGCCAGGTAGCACCCGTGGGAGTCAATGTGAGATGTGCTCA
ILMN_1343369	2970731	negative	permuted_negative		GGAGTCTGGCCCCGTGGCGGTAACCTTGGTAGCGACTTCAACCTCTGAAA
ILMN_1343633	670521	negative	permuted_negative		CATAGAGCAGGCGAACACCACGGGTCGGTCCAAAAAGGCAATGCGGGACT
ILMN_1343710	5690327	negative	permuted_negative		GAATGTCTGAGTCCGCGAGTGTGGAAACGTGCCACATGCTCGTTATGCGA
ILMN_1344064	1500497	negative	permuted_negative		ATGTGAAGCCAATGGCGGCTCAGTGTTTAGGCCCGCAATGGCTATTTACG
ILMN_1344069	6550768	negative	permuted_negative		TTGTAGCTGTAAGGCGATGTTGCCCTATATTATTGTCCGTGCGGCCTTGG
ILMN_1343414	430360	negative	permuted_negative		GCCTGGAACCAGCTATCACGGAAGACCACGACAGTAACCACGAACAGCGC
ILMN_1343480	2370139	negative	permuted_negative		AGCTTCCAGTCTCAGCAGACCGAGCCGGATTCTTCACCGAGTGTAACTGT
ILMN_1343981	7040253	negative	permuted_negative		AGAAAATAGCTGGACTGTTTGGAGGCCCACTGCTATTCATCACCGAGCTC
ILMN_1343945	4570689	negative	permuted_negative		GTGAGAGCAAGGGGTAAAGCCAGACTGATGCGGAACGCAGATGACCTGCC
ILMN_1343930	5090110	negative	permuted_negative		CTACTTGAATTCGTGAGTAGGGCGGTTGGGAGCATCTAGGAGGGCTTAGG
ILMN_1343996	2350647	negative	permuted_negative		AGGGAGGGCGGGAGACGTATCGTGGCATTAGCTCAGTTGGAGCAAGCAGT
ILMN_1343359	990414	negative	permuted_negative		CCAGAGTTCGGGTCCTTCAGACCTTCACGCTGTGCGAAGTTTGGTGTCTG
ILMN_1344059	6960605	negative	permuted_negative		CCCACTGCAACACGTAGTGTGTCTAGCGATGATCAGTCGTGGCAGGCGTC
ILMN_1343878	360215	negative	permuted_negative		AGTAAAAGCAGGCTCGCATGTGGGACACCCCTGCAAATAGCACAGTCTGG
ILMN_1343457	3180739	negative	permuted_negative		GGTACATTCGGAGAATTGGTTTCCGCAGGAGGCCCGTTCCTCGTACCCAC
ILMN_1343837	460349	negative	permuted_negative		TGATTGGTCGGTGCATCCGTTAGTCCTCCTGCGTTGCTCTCTGACAGTGG
ILMN_1343507	4220201	negative	permuted_negative		CTGTTCTGCACTTTAGTCGTGCCGTTTGGTTGGAAACTAGCATGTGCTTC
ILMN_1343962	3370167	negative	permuted_negative		TCCGCCCTTAATCATGCTGACCCCCACGTGATAACCCACAGCTCACACTC
ILMN_1343881	6900561	negative	permuted_negative		TCGACACAGAAAGCCGGAACTGGTCAGTGTCGCTCGTGATCAGAGGCCAG
ILMN_1343532	5270600	negative	permuted_negative		GCGTGTTCAGATGCATGATTGTCTGGTTGTCCGGGTCATGGTGAGCTGGG
ILMN_1344068	2370692	negative	permuted_negative		CATCTCTGGAGCGAGCTCTGGGGTCCAACAGTTTCTCTATCTGCCACTGG
ILMN_1343743	840437	negative	permuted_negative		GAGTGGCTACTGCATAGAAGGTTGGGAGGCCATGTGACTGCCACGGGAGA
ILMN_1343862	5420064	negative	permuted_negative		CTTGCGCCGCCATCCGTCCAGAACACAGTAGGACCAGGTTCAGTCCGCTA
ILMN_1343352	7040309	negative	permuted_negative		TTGTGTTCTCCCCAGCACAAGGCTTACTTGCCCGCATAAGTCTACCAAGG
ILMN_1343757	3450554	negative	permuted_negative		TGGTTGTGAATGCCTAACCGCTGGCTTGACCTGAGTGCAATCCTTTCGTG
ILMN_1343955	1090228	negative	permuted_negative		TATCGACGAGAGGCTACGCCAGGTGGCTCACACGTCTCCAGTTTTTGGTG
ILMN_1343644	5890458	negative	permuted_negative		TGCACCTTGAGGTCCGTGGAAGCAATTCTTCGATAGGCACGCAGTGTGGT
ILMN_1343627	7380048	negative	permuted_negative		CCTAGGGGAACAACCTCACCTAGGGAGCCCTTTCAATCGGGTAACAGAGA
ILMN_1343683	3780427	negative	permuted_negative		AAGCTACCGTACCTGTGGTCAAATGTCGCGCCGTGTGCGGGAAGACTGAT
ILMN_1343984	7380577	negative	permuted_negative		GTGTGTGAAGTGACTATCCTGCCTCTCCTACGGCTATCTTACCTGATTTT
ILMN_1344017	2450209	negative	permuted_negative		TCCGGTCGTGTCGCACAGGCTCCAACATGGAGTAGTAGTGAGGGTGACTC
ILMN_1343322	50376	negative	permuted_negative		TAGAGTGCAAGCGCAGGCATATGGTCTTTGTTGGTTGCGCACTTAATCAG
ILMN_1343951	620048	negative	permuted_negative		CTCGGTCCTGTGTGTGTTGAACCGTTCCCCCGTTTTGTCCTGGATGCCAG
ILMN_1343689	870274	negative	permuted_negative		TGCCCATATGGACTGGGTCGGGTTGCCTCCTTATCCCCAAAGGCAGCCAA
ILMN_1343490	6330468	negative	permuted_negative		GTGGATTCCTGCGACTGGAAGACTGTCTAGCCGAGTTGTTTGTCGACTCG
ILMN_1343738	430121	negative	permuted_negative		CTTAGGGAAAACGCCGGTCTGACACAACACTTTCCAAGTAGCGTGAACTG
ILMN_1343587	1690341	negative	permuted_negative		TCGTACGGAGAACCCATTTTTCTGCTGATACCGCACTAGGGCCTGGGTTC
ILMN_1343593	1010343	negative	permuted_negative		CAGGAGAACACACTCGCTTGCTGCAATGACCAAATCGTTCCGAGACCGCT
ILMN_1343351	7510068	negative	permuted_negative		AGGCATGTCTCCTTCAGAAGACCAGTAGGGGTCCCAACCGTAACCCCAGG
ILMN_1343401	4060343	negative	permuted_negative		TTGTGAGTGAGGACCGCCCTGCCGAGATTCTCCTGACGACACTGGTGCAC
ILMN_1343817	3190646	negative	permuted_negative		AAAGTGCCTGCAATACTCGCTCGGTCCCCGTCCAATCTAGCCTCCCACCC
ILMN_1343843	1030152	negative	permuted_negative		GCTCCAGGTGAGTGGTGTTGCAGCACAGGTGGCCTTCTTTTAGGGACGCT
ILMN_1343500	5050438	negative	permuted_negative		AGGCTACCGCTCCCTACCCTGGTAACACACCAGCCGTGTGGATACCTAAA
ILMN_1343494	1780026	negative	permuted_negative		CTAAGCCATTCAGCTGGGATGATGAGTGCTGTCAAAGACAACATCTGAGG
ILMN_1343771	4640452	negative	permuted_negative		GTCAGGCTGTCCCTTACTTTCGGTGATAAAAAGGGTGGTGCAGAAGGTCT
ILMN_1344029	6100228	negative	permuted_negative		TCTTGCAATTTCCCCGTTGACGCGGAGGGACATCACGCAAGATCGCCTGG
ILMN_1343694	6370482	negative	permuted_negative		CAAATGGAAACCGGTCAATTGAAAGTCGCGAATACAGACAAGAATGGTTA
ILMN_1343411	670154	negative	permuted_negative		CTCATCTTATCCTACCACCATACTTTCCTTGGTTGAGCGAGTGTTCTAAC
ILMN_1343602	5820750	negative	permuted_negative		ATTCCGGTGAGGAGAACGATGCGACAGAGTGAGATAACGAGCGGGCTTCG
ILMN_1343508	2370079	negative	permuted_negative		GGCTTCTTCACCCCTCTGTCAACGCATGCTCTAAAAGACTCCGCTGTTCC
ILMN_1343810	2760619	negative	permuted_negative		GACCCTGCACGACCGTTGTTGAACCACATCCTTTTTTACATTTATCCTGC
ILMN_1343920	2600112	negative	permuted_negative		CCATGTGGGCTCGTGCTGAGTGACCCTCTCTCTCCGGATTGTATGGCATG
ILMN_1343690	6270224	negative	permuted_negative		CGCAAACTAGTGCAGTAATGGGCGACACGATGATCAACGCAATAAGGACC
ILMN_1343526	5570403	negative	permuted_negative		CTGCTGCTGCTTAGGCCACCCGGTTCTTCGGGCAGACAACGAGCCAAAAT
ILMN_1343697	2340100	negative	permuted_negative		GAACATACCCCTGGATCACCCTCACTTATGTCCACTCAACCTGCGGAGTT
ILMN_1343471	5220440	negative	permuted_negative		AGAGGATGCATAGACAGGGAAGCGTCAGGACAATGCGTCGCCACCTGGCT
ILMN_1343459	5260438	negative	permuted_negative		ATCGTAGCAATCAAAGTTACGGCCTCCAGATTTGGCCTTGGGGCTTACCA
ILMN_1343430	7040377	negative	permuted_negative		CCCTAGAGTGCTGTTGGACGAAGTTAGCTAGAGATATCAAGACAGGTGCC
ILMN_1343413	4050360	negative	permuted_negative		ACGACTTCGGAAGGGAAGCATGCAAGGAGCAACCATTAACGGGAGCCAAG
ILMN_1378484	3310017	negative	permuted_negative		ACGAACATCCAGTACGGCACGCGACCGACACCATCGAGCAGTACCTCTAC
ILMN_1343825	6350554	negative	permuted_negative		AAGCCTACTCAGACTTAAAAGGGAATAGAATTGGTCCATGGCAGGGGTCA
ILMN_1343560	3190039	negative	permuted_negative		TGCAAGATTTGGACGAGTCTGCCACACCTCCATTGATAGTCCCAAGCCTT
ILMN_1343982	7570747	negative	permuted_negative		GACCGAGGGCAAGTGTCCCCTACGTTCCGCATCCTCCAGCTATTCTTAGC
ILMN_1343586	7550537	negative	permuted_negative		GGGCACACCTCCTGGTCAACCTACGCAGAGGGATGTCAAGCTCCGAATCT
ILMN_1343573	2100184	negative	permuted_negative		CACGAGCGGCTGCCACTTTAGTCGCATGTGGCGAAACATAATTTCCACAG
ILMN_1343325	2970438	negative	permuted_negative		GTCAGATGAGTACAGTGAAAGCCCAGTGAAGGGGATTTTCTGGGTCTGGT
ILMN_1344046	2350292	negative	permuted_negative		CTGGCTAAGGTCAGTCCCCTCTCGACTTCCCTCTAATGTCCCGATAGCCC
ILMN_1343687	5910372	negative	permuted_negative		ACTGGGTTGCCCCTCTTGTGCGTGCACTGTTATCCTCCGTGCGACAGCAC
ILMN_1344009	6520184	negative	permuted_negative		AGAGAGAGCCAAGGGAACGGTAGCCTGAAGGACATGAACACGGGCAAAGC
ILMN_1343622	2360722	negative	permuted_negative		AGCCGCGACCTGAAGCAGCACATCGCCTCACGCTCGAGTATAACTTCCAC
ILMN_1343910	3400414	negative	permuted_negative		CCTGAGATAAGGGGCTTAATGCCCTCAGGGACCAACTGAACCTGCAAAAC
ILMN_1343667	5090017	negative	permuted_negative		TTGGACTCCGATTAACTGAATACAGCCGTCCCCCACAGGTGCGAAACCAG
ILMN_1343963	1410626	negative	permuted_negative		GGGGTGGGCGGGCCATGCTTACACTCCTCAGATTCAGTGATTGCCACCCT
ILMN_1343730	4780056	negative	permuted_negative		CTCCTACCATCTCACTAAGCTCCCCTATTTCGGCTCCAACCTGGGCTTCA
ILMN_1343569	7650093	negative	permuted_negative		AGGGAAAGTTGATGAGTCGTGCTAGAGGACCTGCCGAGGCATCTGGGGCT
ILMN_1343571	5900093	negative	permuted_negative		CCGTGCGCAACCCCACAGCTCGCGGAGGTTCACTACCCGAAGGATTTTTT
ILMN_1343348	2570053	negative	permuted_negative		TTCAGGGCCAAAGCCTCCAGCGGTACTCATTCAGTCAGACTTTCTCTGGA
ILMN_1343601	730154	negative	permuted_negative		AGATCCGACAGATCGTCTTGTTGGGATCCGATTGGGATGTGTCAACCAAG
ILMN_1343783	5820243	negative	permuted_negative		CCAGTGGCCATTTCGTGACCTCCTGCATTTCTCATTAGCATTAAGATGAC
ILMN_1343752	5900139	negative	permuted_negative		CTGGGAGTCCATGACAAGGAGGGGATTGGTTCCCTAATTCTGCAGCTCCT
ILMN_1343774	4540576	negative	permuted_negative		GACTTCCCCATCGGTCCACAGAACCCGAGATCTTCCCCAGAGAGTTCACC
ILMN_1343985	1510672	negative	permuted_negative		GCCAAGTCGTGGGCTTAGTGTCCTTTACGTGAACTAACAGCCAAGCATGG
ILMN_1343298	6280026	negative	permuted_negative		CTTTGTACTCAGGCCCACCCCCCTCTAGTTGTTTCTTTACATAAATGTTC
ILMN_1344043	430475	negative	permuted_negative		GGGTTCTGATGGTGCACGTGTATTCCACGCCGGCAGCAACCTGTACGGAC
ILMN_1343684	1850725	negative	permuted_negative		AGGAGCACAAGGTCTCTTGGTAAGTGACTATCGGGGTGCTAGGGGCCTGG
ILMN_1343896	1820309	negative	permuted_negative		CACTTTGTGACAGGGTAAGGACTAGTGCCCAAAGAATCAGTTGATCCGGA
ILMN_1344045	4220553	negative	permuted_negative		CTACTGAGTGACGAGCTTTACACTAGAGTGGCTTTGTGCTTACTTCTACC
ILMN_1343378	6560129	negative	permuted_negative		GGAACTTGTACAGAAGAGATGCCGGATTAAGGGATTGGTATGCCTCTCCA
ILMN_1343822	3390546	negative	permuted_negative		TGCCAGACCCCGATGCGACTGAAAGGGAGTGGAGCGAGTTGAGCAAGCCC
ILMN_1343937	580379	negative	permuted_negative		AGTAGACCAATCGAGCTGCGTGCTGATAGGACACCCCCGGCGATTCTCAT
ILMN_1343954	4060228	negative	permuted_negative		GCACTGTGCTTCGCAAACAGGAAAGGTGAACGCCAAGCCAACCCCCGCAG
ILMN_1343802	4590056	negative	permuted_negative		GTCTCCCTTTCCGATGGCACCACATGTGTCCTATGCTGCTACGCAGCCTC
ILMN_1343337	1400278	negative	permuted_negative		CCCACCGGGGAGGTTCTCTTTCGTGTGAGGGCTTAGTTCTTTGCTGCATC
ILMN_1343388	2850156	negative	permuted_negative		AACTTCGAACTGAGGTTCAATCCCTGTTTAAGGACGTGGAATGTTGACCC
ILMN_1344062	2490747	negative	permuted_negative		TCGGTGGCAGCATAGTTGTGTCTGGCGTAGGAGCTTTCGGGTGGCGGTTT
ILMN_1343419	6770598	negative	permuted_negative		TTGAACGAGAGCCCTGGCCATACCCAAACCAGAGGGGCGGGTTAGTTCAC
ILMN_1343501	6860364	negative	permuted_negative		CCACGCCCATCCCGGTAGGTGCGCATAGATTCAAAACGATGGTGTGCAGG
ILMN_1343704	1660474	negative	permuted_negative		GTGCCGAGGTCCATACTCCAGAACCCGTTCCTCGTCGTCCCATCTTCTGT
ILMN_1343581	6650685	negative	permuted_negative		CCCCTGGTCGCACAGGCCTATCATCTAAAAATCTCGCCTCATTCACTAGC
ILMN_1343577	4490392	negative	permuted_negative		CGAGCCATGGTTGATCGAGCAGCGCAATTGGCGTGGAATGGGGAGTTGCA
ILMN_1343383	1440424	negative	permuted_negative		CTGTGACCCACATGTCCTTCCGCTGATCACTCACTATGCCTCTGCCTTCC
ILMN_1343642	6980102	negative	permuted_negative		GAGCAAGACGTGACGGGACTCTTCCACCCTTTATCAGCTCGCCCGCTTCT
ILMN_1343669	7560121	negative	permuted_negative		CCATGTCCCGTCAAGTTTTGGGCTCAGGCACTTAAAAGTAGACCCCACAG
ILMN_1343583	3710379	negative	permuted_negative		GTCCAAAGCGCAGCAGGGACTGAACCAGATGTGACTCTATGGAGACGCCT
ILMN_1343819	840603	negative	permuted_negative		TCAACGAGCCAGAGAGCAGTGTGTTTCGGTCTTCCGCAATCCTTGGCCCC
ILMN_1343681	5260332	negative	permuted_negative		GCCGGAAACATACTGCAGAGTGTACAATCCTGTGATGCGAACCATCCTAC
ILMN_1343486	5090075	negative	permuted_negative		GCAGAACAGAACGTGCGAAACTAGGACCCTGGCAAACTAGCGGACGAACA
ILMN_1343708	290576	negative	permuted_negative		GGCGAGGCACGAGCTTGAATGACTGGGTAAACGGATTTTGTGTACGACAC
ILMN_1343659	150731	negative	permuted_negative		ACCCCAGAAAGCCTGCTAACACCGTTTGCGCTTTTGACCATAAATATTGT
ILMN_1343402	1090343	negative	permuted_negative		AAGAGACGGGATGCCGAGCCTAAGCCATTAAGTGACCCGGGATTCTGGGC
ILMN_1343362	4830403	negative	permuted_negative		AGCGATAGAAAGCCCGGCCAGGTGATGGACATTGGTCAAGATTCCCCTTT
ILMN_1343343	2140477	negative	permuted_negative		TTTTACCCTCCCGTGCCAAACGCTCCGGTTCCGTCTCCCTTAGCCTAATT
ILMN_1343793	3120358	negative	permuted_negative		CAGGCCGACACTTTCAAGCAGACGGATCGGTGCGGGAGTGGCCTATGGAC
ILMN_1343933	6520685	negative	permuted_negative		CTGGTGCTCGATTGGTTCCTGCCCCTTTATGATCGTGTGTGCAACCCCGC
ILMN_1343788	940594	negative	permuted_negative		CTTGTGCATTCCTGGCTTGCTCCACCGTACGTTATACTGTGCGGGCATCG
ILMN_1343329	6060411	negative	permuted_negative		CAGCCTCTTACAGGATTTTGTGCGTTCTGTTTCAATGACCTAACCTGTGG
ILMN_1343934	1170681	negative	permuted_negative		ACAAGGCCAAGGAGGTGAACTCCACCGGAGCACTCTCATCACAGGCAGGT
ILMN_1343739	7550400	negative	permuted_negative		TCCGGTTTACAGTGTGACTCAAGGGTAGCCGGGCCGAGATTAGCAGGGGA
ILMN_1343903	510367	negative	permuted_negative		AAAGCTTCATGGCACGCAGGATCGATAATCCTGGTTACTATAGCTCCCAT
ILMN_1343338	3390358	negative	permuted_negative		ATTAGTATCGTGAGTCCATGTGCGAGATTCCCCGTGCGCAGGGCTTTTGT
ILMN_1343842	2260347	negative	permuted_negative		GATGGGAGCAACTAGGCAGAGTGCGGCAGAGTTCTAAGGGCTTACCCTTG
ILMN_1343656	2070040	negative	permuted_negative		TAACTGCTAGCACCCCTTCTGACGCCCCTATATCTTGTTAGTTCGGCCCT
ILMN_1343832	3940441	negative	permuted_negative		ATAAGCATAAGCGGGACACAAGGAACTTTGCACATATTCACGTGCTGACC
ILMN_1343820	4260546	negative	permuted_negative		ACCCTCGAGACCTTAGACGGCGGAAAGGCCTCAACCATGCTTGTTGCAAA
ILMN_1343870	3130164	negative	permuted_negative		GCAGTCTCCTTGCTGCGTTTTACGCCTGGGGGGCGTATTTTTGCAGGGAG
ILMN_1344070	6220128	negative	permuted_negative		AAGTGAATCAAGCTTTCATCTGCGTCACTCCTCGTCAGGCCTCTAGGGCT
ILMN_1343792	4900358	negative	permuted_negative		TAGCCTGCGCACACACAAAGCGGATCAGTAGGGCCCTCCCTAAAATGATG
ILMN_1343478	3140451	negative	permuted_negative		CGCCACGAAATGCCCCGGTTAAAGATAGCCAGCGTTGTAGTACCAGGGCA
ILMN_1343418	5550424	negative	permuted_negative		TTCCAGCGCAGTAGCGGGCATTAATCATCCCATGCCCCAGCTCTAGCGAC
ILMN_1343973	5560458	negative	permuted_negative		GTCCAAGAGCGCCACGCCGAACCAGTGACGAGAATCATGTGCTCTGACAT
ILMN_1343328	6900189	negative	permuted_negative		ATCACCACGTGGATTGAGCCAGCGTCCTTGCGGTAACTTGCTTACTGGAG
ILMN_1343983	7210097	negative	permuted_negative		TCACCTTTCGGAAGCTCCGCCTAGACGTTTCTCCTCACGCCGTTGCCCTC
ILMN_1343865	2750110	negative	permuted_negative		CGTCCCAGCTTTTTCACTCCTCCCACTCTACACTGTACTAGCTGCCACCA
ILMN_1343873	3520403	negative	permuted_negative		TTGGCCCTTCCAAAATTCTCGGGGCCCTCCGTCAGGCCGGACCACATGAA
ILMN_1343594	6280343	negative	permuted_negative		CAGGTCACTCCTTATTGTTTACCGCTGGGTCTTAAATTAGCGTTCAGTAG
ILMN_1344039	1410324	negative	permuted_negative		AGAACAAGAGGCGACCAGAGACAGACGACACGCCAGAGGAACCTCCGAGA
ILMN_1343558	7550148	negative	permuted_negative		GGATTAACAACTCTGGTGCATTTGGCACACAGCCCGAAGCCGGATTACCG
ILMN_1343363	5080193	negative	permuted_negative		TGGTACTCACTTGCATCCCCAACGTGTGCTGGTCTGCCATGTGTGTGTTG
ILMN_1343724	2190382	negative	permuted_negative		ACCTTGCAGGGGGGACTATTTTTTGCATACGGTGTGTCCTTCTATGCTTT
ILMN_1343997	4210471	negative	permuted_negative		TTAGCTTCCTAGGCCGATAATGGCTTAACTTCCCCATGTCTGGTGGCGGT
ILMN_1343630	610326	negative	permuted_negative		CAGCTGTGGGGTCAAGGGCCGATGGGGGAGCTGTGTAATGGAAAGAGACA
ILMN_1344048	6770050	negative	permuted_negative		ACCCTTTCTGTCGATAGCCCTATCAGCTGTTGCCCGTCTGGGTGTGGACG
ILMN_1343953	6100743	negative	permuted_negative		GAGTAGGTGGAGACTCGAATGAGGATTGATTGATACCCTTTTATGCCTTC
ILMN_1343895	3120538	negative	permuted_negative		TCAAGCGAACACCTGGAAGGGAGATGACTGTGTGGAAACTGATTATGCAG
ILMN_1343713	4880670	negative	permuted_negative		CCAGGTGCACTTCCTATGTCCCCGTTCACGTGATGAAGACTGTAGAGCCT
ILMN_1343559	1230367	negative	permuted_negative		ACAGCCTGCAGCGCATTGAATTCGGCACGTAATTTAGTCAGGCTTCCCTG
ILMN_1343436	3870040	negative	permuted_negative		TGTAGGACCCCTTGCTGCGCGTGAATACGCTGTGATTGGGAGCGACGTGC
ILMN_1343568	6350528	negative	permuted_negative		CCTTGTCCTATCGCATATTTCAGTGCGATACTTCCGTCGTCTGGGAGCGC
ILMN_1343537	70561	negative	permuted_negative		CCTGGTTTGTACGCGAGGTGTTCGTGATGTGGGGGTCTCACTGATCCTGT
ILMN_1344004	5720301	negative	permuted_negative		TAATCTGTATGCGGCGGCTCGCCAGCTCACCTCTACTTCAACCATGCTGT
ILMN_1343733	650408	negative	permuted_negative		GAGAGGGGCGAATCATGGGCATAATAAGGAAAAATCAACTTGGCCAGGCC
ILMN_1343737	6060088	negative	permuted_negative		TGCACCCGGGCGAGCAGATGAAGTGATTAGTAAGCAGATGTCGCCGCACG
ILMN_1343393	3990086	negative	permuted_negative		TCCGAAGACACGGCCCGCAGCGGACACAACTCGATAAGCCCACATCTTGT
ILMN_1343373	2900484	negative	permuted_negative		AACCCGGGAGGGGCACACCCTCAGGTGTTATTGCAGTACAAGCGCAACTT
ILMN_1343848	5870364	negative	permuted_negative		CGCGGTGGGTATCCAAGCTTAACACACAGCGGAGGCCAAACAGCCGCAAA
ILMN_1343949	2630750	negative	permuted_negative		CTACACCTATGACCTACATTGAGTGGTCCGCCACACAGAGCTTCAGGCAG
ILMN_1343353	6620070	negative	permuted_negative		GGGCTCGCACCCGTTTATAGGGCATGTGCAAATATCTCGCAACTACAAGG
ILMN_1343811	6590112	negative	permuted_negative		GACCCCTGTCACATAACTCCTCCTACGCCATACCCCCATCAGCTTGGTGC
ILMN_1343729	7330037	negative	permuted_negative		GGTATCCTGTCAGTAAACACCCCCACTAGTTGGCTTTATTTCCCGCTGGC
ILMN_1343632	1940762	negative	permuted_negative		GGGGGCAAGTGGCCTGGCTGTTTTGGCACCCATGACAGATCTACGTTTAG
ILMN_1343779	6940161	negative	permuted_negative		AAGAGAAATCTCGGGCCTAACGGAACGTGTGGGGGTGATTGCTTCTGAGG
ILMN_1343603	4150220	negative	permuted_negative		GCTTCGATCCCACCTATTGAACACAACCAGGTGCGCCTCAGCACGGTTGG
ILMN_1343747	3850546	negative	permuted_negative		TGCTAGTTCCTGAGTGCCGTGCCAGCTTCGAGAGCCAATCTGCAGTTGCT
ILMN_1378485	1070554	negative	permuted_negative		ATGCAGGGATCCCCCTTGTTACCGGGGAGGTGAAAAAGCTAACTCCACAG
ILMN_1343887	2600370	negative	permuted_negative		CTGGCAGGGCCCCCGTTATTCTCTGCGGTCTTTGCCAATCTTGCTCCAGA
ILMN_1343514	1570376	negative	permuted_negative		GGAACCGGTTTTGAACTAAGTAGGGACCTAGGGGGACAGTGTTTCTAGGC
ILMN_1343441	6220747	negative	permuted_negative		AGTGCTTTTAGTCTGCGCCCTACGTTGTGAGGGCTGATAGAATGGGCGGC
ILMN_1344061	2030497	negative	permuted_negative		TCCTAAGAGGTCCACGCCCAAGGCTAAGACCGGATCCCGAACAAAAATGT
ILMN_1343929	510592	negative	permuted_negative		TCGCGATGGGAATATGGTGAACTGGTGAACCGCAGGGCCCCCCTTGGCCT
ILMN_1343394	3170435	negative	permuted_negative		CCTCTGACTTGACCGCACATGTTTTGGTTCGATTCATGGGAGGGCCGACC
ILMN_1343466	4220682	negative	permuted_negative		CTTGAACAGCTACCACAAAAGGTACCCAACCAATGCATCCATGACTTAAG
ILMN_1343462	1850255	negative	permuted_negative		CCCAACGAGATCGACCTGAACCATGCGGCTACATCCGCAACATCTGCGAC
ILMN_1343882	2640021	negative	permuted_negative		GATGTTTAAGGGGCATCTAGGCCACTGGAGCCGTGTGGAACGCAAGTGAC
ILMN_1343376	4180187	negative	permuted_negative		GAAAGGTCCTGTGGAGTCTCTAGCTCAGGTCGCATCCCGGCACAGGCTTT
ILMN_1343387	4880520	negative	permuted_negative		ATGCTGCACAGACAAGAGACGCGGAGACTACACCCGCACAGGACGAAGAG
ILMN_1343991	7400187	negative	permuted_negative		AGCCCTCACCTACACTCCCTGGGGTCGCGTCTACCGTGTGATAAACTCAT
ILMN_1343808	1770707	negative	permuted_negative		ATAAGAACGCCTCCTCCGTATACCTCTTTTGCACCCACCAGTGGAGCTTC
ILMN_1343998	2970551	negative	permuted_negative		AGATGGTCACTCCACGGAGGGTTGGTTTAATGATTCGACACTAACAAGTG
ILMN_1343556	6060541	negative	permuted_negative		TATTGTGGGCCCTTAGAATGCGGTGCTGCAAACCCCCTGGCGCGTGTTTG
ILMN_1343392	4570133	negative	permuted_negative		AAACCTACACTCCCGAGAATGGCATGCCTGCCGACGTTGTACCTTGATTG
ILMN_1343821	7610669	negative	permuted_negative		ACCCTGTTCGTGAGCTTTTGATCTAGTTGCGCGGAGTTCTCTTGACCAGA
ILMN_1343728	5490056	negative	permuted_negative		CAGGGACTGTGAGGCCCGGGGGACATAATAGGGGAGCTGTGGTATGGAAA
ILMN_1343616	60056	negative	permuted_negative		GGGCAACCTTCACAGAAGAGGGGTGGGGATTAAAATTGCTTAGCGAAGCC
ILMN_1343777	10477	negative	permuted_negative		GAGCTCTCCTGTATGCCTATGATCTGCCTTCTGTCGCACTCGCCCAGTGT
ILMN_1343871	6980446	negative	permuted_negative		ACTGAGTGCCCACTCGTTGAGTTAATCTGGCGGACGCGCTGTGCACTCTG
ILMN_1343702	6560521	negative	permuted_negative		TGTTCACTGATCGGCGCTGGAGCTTGGGCAAGATCATTCTCGGGGCATGT
ILMN_1343696	3840543	negative	permuted_negative		TCAATGCTCTCACCCGCCGGTGCTTATGACTTATAGTGTCCCATTACACA
ILMN_1343300	6400180	negative	permuted_negative		CATACGCCGTGTGCACTCCCTGGCTTAGAGCATAGGAAGAGTAATAAGAA
ILMN_1344016	3060373	negative	permuted_negative		ATGCCTTAAGAACCCGATTTAGCCAGGACGGGCCCATGTTTATGGTGACC
ILMN_1343676	610746	negative	permuted_negative		GACTGATGTGAAGATGGGTGATGTAAATGGTTCCAATGCACGGGTTGAGC
ILMN_1343316	3120333	negative	permuted_negative		TTTGTGTAGGCTGCCAAAGATGCCCGCTGTAAAGGGCGACGTGCGAACAC
ILMN_1343990	670142	negative	permuted_negative		TGCCTTTTCGTATGCGCGTACAGCCTCATATTCTCTGGAACCATATAGGC
ILMN_1343340	7160520	negative	permuted_negative		TGCGGAGACTGGGGACAATTCGAGGGGCACAAGGACGGAAGCCTACTTCC
ILMN_1343625	7570743	negative	permuted_negative		AGTAGACAACTGAGAATAGCGCCATTGTGATAGCTGGCAGCGGAGCTAGC
ILMN_1343391	60133	negative	permuted_negative		GGGGAAGTCTGTGCTTCAGGTTTGGTCGTGGATTCGCTCGTGTCGAGTAC
ILMN_1343598	2140575	negative	permuted_negative		TGTTGGAAGCATACATGTAGGAGGGACACGCACTGAGGCCCGGATGGCTG
ILMN_1343818	270377	negative	permuted_negative		AACTGTCCTCATCGGGACTCCAGCTACAAAAGTCTTGAGTGCCCCCAGGG
ILMN_1343907	7210414	negative	permuted_negative		AGAAAAATCGGGACTGCCAGTGGTAAAGTTGGGGCTGACTCTAGCAGGTT
ILMN_1343911	1340093	negative	permuted_negative		ATCCGCTTACCTCAACCTCCAGACATCAACGAGCAGACCGCGCCGACGTG
ILMN_1344036	7050167	negative	permuted_negative		AGCCGGGAACGTATCCTTGGAGTCTTGAATTGTTCCTGTGATTGCGGCGA
ILMN_1343758	2070274	negative	permuted_negative		TCCGTCCTGTTAGGCTATGGTTGTTTTGTAAGGGCGGGGCATATGCGAGT
ILMN_1343355	6840102	negative	permuted_negative		GTCATTGGAAGGACAGGTGAGCCAGTAGCGATAGCGAAGATGGAAGTATT
ILMN_1343557	2360367	negative	permuted_negative		ATTGTAAACTAGGGCCAGAAGTGCACAGTTGACCAATGGGTGCTAGCGCC
ILMN_1343844	1690026	negative	permuted_negative		TCTAAACACGTGCTATTTCCTAGCCACCGGACACTCCCATCATGTCTCTG
ILMN_1344044	3840605	negative	permuted_negative		TATCTCAGTCTGGACGCCCAATGCCTTAGCCCTACGTCTATACCCTCAGC
ILMN_1344021	4570356	negative	permuted_negative		GGAACAACATGGTATGTGCAAAGTCCCCTACACGCGAATGGGTTTGAGCC
ILMN_1343546	1110014	negative	permuted_negative		AGCCAGACTGGATGGGTGTTTACGGCTTTGGGGATTGGGAGATGCCACAG
ILMN_1343434	2070286	negative	permuted_negative		ACAAACCTTTGTCTCACTTGCCAAGCCCCTAGTCCCTCCCCGGTACCCCA
ILMN_1343515	3840064	negative	permuted_negative		TGTCACAATCTGCCCCTCAAGCCAGCGAACTCGGCAAGGGATGTGTTAGG
ILMN_1343948	630373	negative	permuted_negative		GCTCATGCCGAAGGCCTGTGTTCGTTAAATTCGAGAATCCCCGTGGGAGT
ILMN_1343504	5270653	negative	permuted_negative		GGAGATCAGGCTGGTAAACCCGCGATAATAGGAGGATGCCAGAGAGCCAG
ILMN_1343978	6200092	negative	permuted_negative		CCGTGAGGAAAACCGCCCCAAGGTGGGCTCAATACACAACACTCTCTATC
ILMN_1343566	3850193	negative	permuted_negative		TGAACGCAGGGATTGCCTCCAAGCAAGAGTGAGACGACCTGCGACTGAGG
ILMN_1343561	270504	negative	permuted_negative		TCTCACGGGTGCTGCATTGCCCTTCCCTCTGTAACGGTGGATTGTCCCAG
ILMN_1343901	2570070	negative	permuted_negative		GAATCTGTCGCCGCTGGCTAGAAGAGCGAAGTGAGTGGGCACATGACTCT
ILMN_1343576	4150767	negative	permuted_negative		GGCATGTGTCTCGGGCAGCTACGTTCGTTTGGGGTGGGTGCTGACTATAA
ILMN_1343364	5870524	negative	permuted_negative		TTCACGCACGACGTGATCATCAAACCAAGATGACCTTCCGCCGGCTCGCC
ILMN_1343795	6980754	negative	permuted_negative		GAACCTGTGGCTGATTTGGGCGCAGTGGCTGCCTAGCTAGAAAGGAGGAT
ILMN_1343470	3360274	negative	permuted_negative		GGGATCCTGTTCCTTCAGAGCATAGAGCGGTCAAATTCCAGCGCGGACAG
ILMN_1343460	6860255	negative	permuted_negative		TGTAGCGGACCTATCGTTGCCCATCTACTACCCCGTGGTCTCGCATGCTG
ILMN_1343928	5720082	negative	permuted_negative		GCTACTAAGCTGTGCGAAGGAACGGACATACATGAGCCGACGCTAGAGAG
ILMN_1344050	4920059	negative	permuted_negative		CAGAGTATCCCCCAACAGTGTAGTGAAGGAGTTAAGCGGCACAACCACTC
ILMN_1343437	3140735	negative	permuted_negative		ATTTTCAAATGCCACGCCTCCGGGGCGATAAAAGCTACCTCACACCAAGG
ILMN_1343657	1500040	negative	permuted_negative		GAATTCTAACTACAGAGAATTTGACTAAGTGGCAGATCGTGCCTTTCCTG
ILMN_1343958	7380296	negative	permuted_negative		CCTCTGTTTACTCCGATCTCCCCGTCTCATCCCTTTTTCCGTGAGTGGTC
ILMN_1343511	1990100	negative	permuted_negative		AGCCTTGCGCCCCGATCTTGTGCCCCTGAGCCTAACATTTGTGCCTGAAA
ILMN_1343398	620373	negative	permuted_negative		TGTACACAGCACGTGGCCCTTAGTCCAGTAAATCAATGAGATTCGGGATG
ILMN_1343619	3170603	negative	permuted_negative		GGGAAGGCCCCTCATTCCGCAAGCCTAGCTAACTTCAAGAGTGAAAAACA
ILMN_1343538	6580102	negative	permuted_negative		CCACGGCAGGGCGACAAGACGCTGGCAAGTGGCCATGGTTCAATAACTCC
ILMN_1343335	840445	negative	permuted_negative		TCACAGGATCAGGCCATGTCTATGTCGGATGCCCTATAGGACTACCCTAG
ILMN_1343965	6040719	negative	permuted_negative		GGCTGTTTAGGAATGAGGAACAATACGTGAGAACCAGCCAAAGGGGAAAC
ILMN_1343608	4850671	negative	permuted_negative		GGAGAAAAATGGACAAGTAGGACCCCAAGCACCGCAAGCTCGTCCCACAA
ILMN_1343745	7610646	negative	permuted_negative		TGTGAAATCCCTGGTTTGCTGCCTATCCCATCTGTTACATGTGGCCTCCA
ILMN_1344034	7380228	negative	permuted_negative		ACTCCCCACACCTCCGCCAAGGCAAGAATCCACACATTACCACCCCTCCT
ILMN_1343927	4810301	negative	permuted_negative		CTAAACAATTTTGTTGGGAGACCTGTGAAGCTCAATACAGCTACGTGCTG
ILMN_1343750	7650307	negative	permuted_negative		TGGCGGATGCGAGCCATCGCCCAAGAAGACATTACTTTAACTGCGACATG
ILMN_1343472	6370209	negative	permuted_negative		CTCAAACCTCAGCTCGAAAAACTCCCTTCGCTACTTGCCCTCACTCATCT
ILMN_1343301	2680364	negative	permuted_negative		GGTAAGGGGATTTGGGTGCGACCAACAAGGGGTAGAACAAAGTGGTGAGT
ILMN_1344008	1710372	negative	permuted_negative		GGCCCGAGGCGTAGGCCAAAAGGTCCTCGCTCTTTGAGATTAAGGTTCCC
ILMN_1343864	940730	negative	permuted_negative		TGCTTAGCGGATAGGCAGTTGACTAGTATTAGACTCCGTAAATGCACGTG
ILMN_1343350	510538	negative	permuted_negative		TCGCAGGTTAGACCCGGATATTGGTCAGTCAGGAGGTCAAATTCGGGAGC
ILMN_1343365	4860386	negative	permuted_negative		GTCCACGAAACCACTGGTAAAAGCGAGGCGGTTCACAGGTACAATTTCAC
ILMN_1343618	4640338	negative	permuted_negative		CTGGGGGAAAAGTCTACTCAGTCTTGTGGGGCGGCGACCATTACTAGTTG
ILMN_1343540	5220382	negative	permuted_negative		GAACTATTCGGCCCAACCCTCGCACATGTGTGGCAACAAGTTGAGAAAAT
ILMN_1343502	3780653	negative	permuted_negative		CTGATTCCCGCTGCCCCTGTCGATGGTGTCTCTTTAACCTGGGCCCAACG
ILMN_1344026	7560095	negative	permuted_negative		GAGTCAGAGCTTAGGGTAGTGTCGGGAGGCACAGTTACTGGAAACAAGCC
ILMN_1343726	1090092	negative	permuted_negative		CTTAGCAAGAGGGGTGAACTTCTGGCGTGTATTTTCGGGCCGCACTGAAG
ILMN_1343648	4390050	negative	permuted_negative		GAACGTCCGCACGCTAGACAAGCACTCTACACCACGACTGGCACCCTAGT
ILMN_1343498	3180201	negative	permuted_negative		GATATGAGACAGGGGCCGTGCGGATCAATCCAACCCGTATTGGAGTTCAA
ILMN_1343512	5220201	negative	permuted_negative		GGATGTAAATTTCGTCCTGGTTCATCGCAACAGAATGCTGAACAAACGCT
ILMN_1343827	2140554	negative	permuted_negative		AGTGCTGGAGTCTTCTACTCCGGAATGGCGTGAGATCTGTCCACGCTCCA
ILMN_1343814	130307	negative	permuted_negative		GTCTGTGTTAGGGGTAGTTGCAGCAGATGTGAGGGAGCCTTCTCAAGCCA
ILMN_1343415	160626	negative	permuted_negative		CCACCACGGGTTCGTGTGGGGCGCCAATCCATAGCTTCTTTGTAGGCTGT
ILMN_1343551	1770068	negative	permuted_negative		CTCCTCTCTACTCTGGACCCTCAACGCACCTGTGGGTTTGCGCCTCAGGA
ILMN_1343756	3940468	negative	permuted_negative		GAGGCTAGGCGCTGAATCGCATAGGTTGGAGGCCGGTGGGGTTGTTACTG
ILMN_1343522	5360593	negative	permuted_negative		CAAAAGGTAGGTTCCGGCTTGCCGAATAGTGGGAGCCTGCTCTACCCGGC
ILMN_1343465	5910427	negative	permuted_negative		GCCTTCCGTCATGAGGATGCCAGACAGCAACACCCACCGAAGAAATCGAC
ILMN_1343530	5860563	negative	permuted_negative		AGGGTTCTCGCTCACAGGGTGCTGTACCACATCGGTCACTTTGGTCGTCA
ILMN_1343320	3520446	negative	permuted_negative		TGACCTATGGCTACATGCGCCCCAACTGGCCCAATAGCTTGTGGCTCGTG
ILMN_1343784	4150161	negative	permuted_negative		GGAGGATAGAGGCATACCTGCACGACAGATACCGGGGACAACAGCACAGG
ILMN_1343356	1510504	negative	permuted_negative		GCGTCCTCTACACATGCAGTATGTATGCCCCGCTTTTAGACCCTCCCCGA
ILMN_1343712	130500	negative	permuted_negative		ACGTGTTGGGGAGGCGACGTAGGGCAAAAGGTGGTTCTTGAACTTCGATG
ILMN_1343854	2680239	negative	permuted_negative		CTGAGATCAAACGGCAATACCACTGGTTGAGGAGTCAGAGAATGGCGTGA
ILMN_1343407	7050743	negative	permuted_negative		GAAAGTTTGGAGGGTTGAGAATCGTGAGGGAGAACGACGAGGAGGTTCTC
ILMN_1343916	5080093	negative	permuted_negative		CAGAGCCCAAAGGGAGAAACCCCCGACCTTCTGGGTGACTTCCGATTCAC
ILMN_1343764	3710615	negative	permuted_negative		TCACAGGGAGCTCGCGTCGGAGTGCATTGAGGGAGTCATCTAAGACCCGG
ILMN_1343970	2350475	negative	permuted_negative		CAATGCGTCACCGCTTGAAGTATGGAGTCGGCACATGCGGCGAAAGATGA
ILMN_1343358	1340148	negative	permuted_negative		GTAGGACACCACCATTTTGATTGACCTTTGCGCCCTTTTGCCTCCCTAGC
ILMN_1343590	4640431	negative	permuted_negative		AACGGATCGTAGTGGCTGACCAGGCATAGCAGGGACCAACCATACATCTA
ILMN_1343372	4760551	negative	permuted_negative		TCTCTTCTTTTCGCGTGTCAACAGTCGTGGATTCTGAATGAGTTCGGCCC
ILMN_1343635	4050167	negative	permuted_negative		CAAGGTACGGACTTCTACGAGTGAGGACAGAGCAAGGCGAGCGGACTGGA
ILMN_1343428	990341	negative	permuted_negative		AGCGCCGGACGATACCAACAACCCTAGAATGAGAGGCTGCTAAATGACGG
ILMN_1343786	780161	negative	permuted_negative		GGGATTTACCTTCGACCTCTGGGTGTAGCGCATGCTGTCATGCTAATCAC
ILMN_1343403	7570544	negative	permuted_negative		CTGGTCCCAAAGTCGTGTTCCGTTTCTCCGGCTCGAGGCCATCAAGGGAA
ILMN_1343479	1410692	negative	permuted_negative		ATGCTCCCCTGCTGTTGCGACCACTGACTACCTGGGGGACATGCGCTAAG
ILMN_1343487	4210768	negative	permuted_negative		GCAGACCTTTACTCGCCTTAACCGAGTCTTCCGAGAAAGACGAGCCTTGG
ILMN_3164734	430220	ERCC-00002-02	ERCC-00002-02		AACCGCGCAATTATCCCCGTCCTGATTTACTGGACTCGCAACGTGGGTCC
ILMN_3164750	6370471	ERCC-00003-01	ERCC-00003-01		ATTGAAAGTTTGGGAGGGACTATTCACAGTATAGATGAGGTTGTTGCAGG
ILMN_3164765	6940240	ERCC-00004-01	ERCC-00004-01		CCATTTCCTTAAATTCTTCTGGGTCTGCTGACAAAGCATGATCAGGACCT
ILMN_3164808	60372	ERCC-00009-01	ERCC-00009-01		GACACGCGCTTGACACGACTGAATCCAGCTTAAGAGCCCTGCAACGCGAT
ILMN_3164838	3870280	ERCC-00012-01	ERCC-00012-01		CGCCCTGTCCACTCTACTCAGGCGTAATCATCGCGGAAGGCTATCCACAG
ILMN_3164858	1010100	ERCC-00013-01	ERCC-00013-01		GGCTTGCAGGAAGCAAAACCAGGTGAACGTTTGTCGAATATTTCCCACGC
ILMN_3164875	2970682	ERCC-00014-02	ERCC-00014-02		GCCAGTTTATCCCGTCAAAGGATTCCGTTTCTACTCCTCTGACGAATGGG
ILMN_3164905	1450040	ERCC-00016-01	ERCC-00016-01		CGGATTAGGAGGCTTACGGGGGAACCTACAATTGTTCGCCGCATGGTCCG
ILMN_3164915	5130189	ERCC-00017-02	ERCC-00017-02		GGGAACCGAATTACACAACGTAAGGACGTACCTGCTCCTACCCCCGAACC
ILMN_3164950	4880307	ERCC-00019-01	ERCC-00019-01		CCCTAGGTAAACACGGTCGTTATCCCCTAGAGCGTGAAGCGGCTGTAGAT
ILMN_3164979	1070725	ERCC-00022-02	ERCC-00022-02		GTAAGCCGGCGACATATCTAGCAAAACATAGTCCCCCTTCTGCTCAGAGG
ILMN_3165007	6940193	ERCC-00024-02	ERCC-00024-02		ATGGACACCCGTAATCGTGCCCAAGTTTAACTGGTCGGTAGGTGGCAGGC
ILMN_3165027	4120470	ERCC-00025-01	ERCC-00025-01		TCGCAAAAGGTTGTCTAGAAAAGGGCCGTGCGCGCAGTCTACTGCTACCG
ILMN_3165033	780445	ERCC-00028-02	ERCC-00028-02		TCGGTACGCTCGAAAGCGCAGGTGGCTCCCAAATCGTGGGGAGTTAATCG
ILMN_3165086	1300039	ERCC-00031-02	ERCC-00031-02		GGCGAGGAACACAACAATTCTGCGGGTTAGCAGGAAGGTTAGGGAACTCG
ILMN_3165100	4560477	ERCC-00033-01	ERCC-00033-01		TCCTTGGGAGCTGCAATGGCTGCAAGTGGTGGTATCGCCTTATATCACGC
ILMN_3165113	5260497	ERCC-00034-02	ERCC-00034-02		CCGAGTAACGAGCCAGACTAATCCGGAACATTCGTAAGCGATAGTGGTTG
ILMN_3165130	2030731	ERCC-00035-02	ERCC-00035-02		GGAGCCCTAAATCAGTTAAATACGGGGAAGGAGTCTCGCCCTCCGGGTGA
ILMN_3165170	6040278	ERCC-00039-01	ERCC-00039-01		CAGGTCGCTCACGATCGGCGTGCGCATTTTCGTGAATCATGTATAGTGGT
ILMN_3165190	6350025	ERCC-00040-01	ERCC-00040-01		AGGTACGTCGCTTCGACCAGAACGAGAGTTCGCAGCAAGGGGGAGGAGTT
ILMN_3165201	2320315	ERCC-00041-01	ERCC-00041-01		CATCCCAAAAAGGGCAAGAGATTGCTCCGGAAGATTTGTCTGCCAGTTCC
ILMN_3165218	7570685	ERCC-00042-01	ERCC-00042-01		GGGATTCCAACATGGTCTCTGAATACCTTTGGTGCTGCCCTGTCCCTCCT
ILMN_3165229	2320427	ERCC-00043-01	ERCC-00043-01		CTGCTTATTAGCAATTGCTGGAGGAGTTGGTGTGGAGAATGTTGAAGAGC
ILMN_3165245	4730551	ERCC-00044-02	ERCC-00044-02		ATCCACGCAGTCCGAGACAGCGCACACTCGCTGTAGAGGGTTTCAATCCG
ILMN_3165277	1980008	ERCC-00046-01	ERCC-00046-01		GGGTATGCTGTTCGATTTCTTAAAGGACTGAATATTCGGTGGCAGTATGG
ILMN_3165303	1990497	ERCC-00048-01	ERCC-00048-01		GGAATAGTGCAGGACCCGAAACCGCCATAGGGAAAGGGTGAGCGAGGTAG
ILMN_3165334	290369	ERCC-00051-01	ERCC-00051-01		GTAGCTGGGGGAATTTTGCTCTTTAAAATAGCTTGGGACATGCTTCACGC
ILMN_3165363	5260356	ERCC-00053-01	ERCC-00053-01		CTGCAATGCCATTAACAACCTTAGCACGGTATTTCCAGTAGCTGGTGAGC
ILMN_3165378	1820215	ERCC-00054-01	ERCC-00054-01		TCAGTTGAGTGGAGGGCAACAACAGGAGTTGCTATAGCGAGGGCTTTGGC
ILMN_3165415	70278	ERCC-00057-01	ERCC-00057-01		CCCGTATATGGGCTCGGTTGACCTCTATTGGGCGTTGTTGACCCGAATTC
ILMN_3165426	5570400	ERCC-00058-02	ERCC-00058-02		GGCAAACGAATACATGGAAAGTGGGGCCGGTCGGATCACCAAGATAAGTG
ILMN_3165438	5360059	ERCC-00059-01	ERCC-00059-01		AGGGTCGGCTCAACAGTGTATCCGGTGGACAAGCACTGACACGCGATGAC
ILMN_3165457	450059	ERCC-00060-01	ERCC-00060-01		GCACTTCTAACGATTGGCTCCTCCCCCTCTTTTAAAACAGTTCTTTAGCC
ILMN_3165474	2370458	ERCC-00061-02	ERCC-00061-02		TCACGGGCCCTGATACTGGTCGAAGTTGCGCCCTATGCTTACACGGCGCA
ILMN_3165484	6760035	ERCC-00062-01	ERCC-00062-01		GTTCTGGACTTCCTGAGGTTGGAGAGACATTATGTTGGTTTGAAGGAGGC
ILMN_3165533	5890475	ERCC-00067-02	ERCC-00067-02		AGGTGCGAGCAAACGTCTGGTGCTCTAATGGCAAACATCTGCAATCAGCG
ILMN_3165547	2970424	ERCC-00069-02	ERCC-00069-02		CCCATGGTGGCTGATATAGAAACATATCCTCGCGGACTTCATCGCCGGGC
ILMN_3165565	4230037	ERCC-00071-01	ERCC-00071-01		ACAGAGTTAAGACTTAGATCAGCGAGCAGGTGTACGCCCCGGACCTTGGG
ILMN_3165590	7330465	ERCC-00073-01	ERCC-00073-01		CGTCGCATTCTCTCACGTTACGGCTGATTCTCTAGGCTTACGCGCATGAG
ILMN_3165604	3710431	ERCC-00074-01	ERCC-00074-01		CCCATCTTCTTTGAGAGTTGTTGGTTTATGCTCATCCCTACTATAACCCC
ILMN_3165619	70477	ERCC-00075-01	ERCC-00075-01		CCCTAATCCCATACTTACAGATTGTGTGCTCATGACTTCCACAGACGTGC
ILMN_3165638	2320487	ERCC-00076-02	ERCC-00076-02		TCACGTGGACCAAAGCTGATTGATTACGGGACTGGCCGTAAGTGCTGCCC
ILMN_3165650	6900164	ERCC-00077-01	ERCC-00077-01		TGGAGTTATGCCTATAACGTCATGTTGGACAGACCCCTGTTTGAGCAGAC
ILMN_3165668	240370	ERCC-00078-01	ERCC-00078-01		CGTTGGGCGCTGTCCAAGGTACCCTCAGTCTGTATTTCATGCCCTCAAAT
ILMN_3165687	4050528	ERCC-00079-01	ERCC-00079-01		CGGTACGACGTTCATTTCCTCTGCTTTGGAGTTATCAATTCGTGACCCCG
ILMN_3165699	290433	ERCC-00081-02	ERCC-00081-02		CGTCGCTTAAACGTTGGTTCAGGGCTCCATATATACATCTGCCGTGCCCC
ILMN_3165727	70474	ERCC-00083-01	ERCC-00083-01		CTGCCTGGAATCTTCCACCTTTATGGTAGAGTATTGCTTGAACTAACCTC
ILMN_3165745	1400612	ERCC-00084-01	ERCC-00084-01		CTCGCTGTGAATCTACTGCAGAACTATGGGTTTGCTAGCGCGCCGGTATC
ILMN_3165757	6560370	ERCC-00085-01	ERCC-00085-01		CGGATTCATTACCGCTCCACCGGCAGCGTTCCGTTACATCCAACTAGGTG
ILMN_3165768	2070379	ERCC-00086-01	ERCC-00086-01		TGCAGTTGGAGGGATGGAGCAGAGAAAAATACACATGTTAGCAAGGGAGC
ILMN_3165829	20678	ERCC-00092-02	ERCC-00092-02		TGGGTAGCTAGTCGCGGAGGCACGTTACCGCGCACAACCCCTATTCGTTT
ILMN_3165877	780201	ERCC-00095-01	ERCC-00095-01		TGCAGTCATCTTTAACCTCATCCCACAAAGCCGCTTTCTTTAAAGCCCAC
ILMN_3165896	3890619	ERCC-00096-02	ERCC-00096-02		GACCTAATTGGCGCACAGTACTAGGCATCGTCATCCAATGCGACGAGTCC
ILMN_3165903	540114	ERCC-00097-01	ERCC-00097-01		GTGGTATCCACACCATAAAGGGGCTACGCCCTCTTGGGATACTCCCCTAA
ILMN_3165920	940086	ERCC-00098-02	ERCC-00098-02		GTACGCGCCTGGATAGATCGACGGCTGTTTAATAAGAGTCACTCCAGGCC
ILMN_3165933	2710279	ERCC-00099-01	ERCC-00099-01		TTGATTCCAGGGGCCATGCAGGAGCTTGAAGCACTCGGCTGCAAAGTGAG
ILMN_3165993	360634	ERCC-00104-01	ERCC-00104-01		GGTGTCTTGCATAGCCAAAGCTAAAGCTAAACCCCTACTCCTAAACCAGC
ILMN_3166057	1340064	ERCC-00108-02	ERCC-00108-02		CAGCTTGCGCCTATTATATGCCTGACGCGGGATCTATCAGAACGACTCGG
ILMN_3166075	5960474	ERCC-00109-02	ERCC-00109-02		GACGCAACTAGATCATGGGAGTGCCCCAAGTAAAAATTGTGTGTCAGGGC
ILMN_3166098	1980026	ERCC-00111-01	ERCC-00111-01		ACATCGCGCATTGGGGGTCTCGGTCAAGAGGAGCGCGTAAGTAAAGACGC
ILMN_3166114	4590193	ERCC-00112-02	ERCC-00112-02		CCCGATTGGATTATGGCGAGCTGCCGCATTGACGGACATACCTTTGAACG
ILMN_3166132	6400259	ERCC-00113-01	ERCC-00113-01		GTGTATAATGTCTCGGACCCGTCGCAACGGTTGTTAATATGACAGGCCGC
ILMN_3166177	6220286	ERCC-00116-02	ERCC-00116-02		CGGTGATCCGGCTAAACCTCTGGGCATCCGTATTAAGCGACATTCCTACG
ILMN_3166194	5870615	ERCC-00117-02	ERCC-00117-02		GCGGTGAGTCACGTACGCAGACCTGAAAATTAAAGATCCGGACAGGCCCG
ILMN_3166223	540228	ERCC-00120-01	ERCC-00120-01		CGTACCGCGCGAGTGACACGCGTTGACGTTACATGGTAAACTCGTAGCCA
ILMN_3166238	510202	ERCC-00123-01	ERCC-00123-01		AACGGAGGTGTTCCAAATGCAGCTGCCTTCCTAACATGAGGGTCCTCTGG
ILMN_3166255	5570482	ERCC-00126-02	ERCC-00126-02		CGAGCGCGCGAATGTATACACTATTATCTCATGTGCATGTCCAGAGCGGG
ILMN_3166311	4010240	ERCC-00130-01	ERCC-00130-01		CGAGTGCTGACAGCTATGAAGAAGACCTCCTTTTGCCACGCTGGACCCGA
ILMN_3166325	1450220	ERCC-00131-02	ERCC-00131-02		AAGTAATGTGAGCGTACTTCACCTGCTCCGGTACAAGCCGCCATGTGCTC
ILMN_3166368	670687	ERCC-00134-01	ERCC-00134-01		AGTGACGCCTCCCCTAATATAAGCGGTTATTGGGATATAGACCACGCTCG
ILMN_3166404	6550369	ERCC-00136-01	ERCC-00136-01		GAAGAACTTGGACTCGGACTTCGCAAAGACGATGACTAGTTTCCCTTGTG
ILMN_3166414	4780739	ERCC-00137-02	ERCC-00137-02		CAAAAAAGCAGCCGGGGAAAAGGTGGTCTCGCCCGAAAGCCATGACCTCC
ILMN_3166430	1710435	ERCC-00138-01	ERCC-00138-01		CCACAGCATCCCAGTCGTGAATTAAGTATAAAGCAACTCCACCAATGTTC
ILMN_3166475	6350242	ERCC-00142-02	ERCC-00142-02		AGGCCCTGGTTTCCATGGGTCAGCGCAAGTACAGGCGAGCAGATACAACC
ILMN_3166491	7510242	ERCC-00143-01	ERCC-00143-01		CGGGCGGCTATTGACGAACTCTCCGGTATATGCTCTACATCTGCAGGGAA
ILMN_3166504	6060692	ERCC-00144-02	ERCC-00144-02		GCTCGTCACCAACTCGTCACGCGATCGAAATAGCTTGGACTAATGTCCGG
ILMN_3166519	2680349	ERCC-00145-01	ERCC-00145-01		CTGCTGGGTGTCCATTGCCATATCGGCTCGCAAATCTTTGATACGGCCGG
ILMN_3166551	4050220	ERCC-00147-01	ERCC-00147-01		GGAGGAAGGATTGGAGAGTGTCCAGGGCATTTTGGGCATATAGAGTTGGC
ILMN_3166569	4890220	ERCC-00148-01	ERCC-00148-01		GCCATGCTGAGTAGACCTGGCGTCTACCCCTCCAAACGCATTCTTATTGG
ILMN_3166578	7320692	ERCC-00150-01	ERCC-00150-01		CAGGTGGGCACAAATAGCTAAAGCCTCGTCCGCATTACGCCCCATGGCTC
ILMN_3166596	380170	ERCC-00154-02	ERCC-00154-02		GTTGGTCCGAGGAGGCATATAGGAAACGATGGGCACGCGCTATTCAGACG
ILMN_3166630	2750053	ERCC-00156-01	ERCC-00156-01		CCCGAGGTAGACTATCTTCCAGATGATGCCATACGTTCACTCAATCGCGC
ILMN_3166640	1660692	ERCC-00157-02	ERCC-00157-02		TCCTGCATCAATACGCGGCACCGGGGGTCCGATAGCATCTCGCCTTAGAT
ILMN_3166655	6250202	ERCC-00158-01	ERCC-00158-01		CGGAACTGGCGAATTCTACCCAAGCGACGCATTTATCGTTGGTATCGACC
ILMN_3166673	5550681	ERCC-00160-02	ERCC-00160-02		TGTAGGAGTTATGCGCCTTATCGCGAAGGTAGTTACTCTTGCCAGTGGGC
ILMN_3166687	5270161	ERCC-00162-01	ERCC-00162-01		CCCATGTGTCCAATTCTGAATATCTTTCCAGCTAAGTGCTTCTGCCCACC
ILMN_3166703	1440767	ERCC-00163-01	ERCC-00163-01		CCGCGAGCGACTGTAAACTAATCGGGGAACTTATTATAGAGCCGGTCCAG
ILMN_3166721	1820564	ERCC-00164-01	ERCC-00164-01		CTGTAGCAACAGCTTTAGCTAATAATGTCTTTCCAGTTCCTGGTGGTCCG
ILMN_3166728	4780255	ERCC-00165-01	ERCC-00165-01		AGCTCGGTTGCTTGGATGGTGCAGCTTACTTCGCGTACCTGCTGTTTGCA
ILMN_3166775	1430162	ERCC-00168-01	ERCC-00168-01		GAGAATGCATTTAAAAGGGTGGTTTTCCAGTAGCTACCTCTCCAGCAACC
ILMN_3166789	6590497	ERCC-00170-01	ERCC-00170-01		GTTGGAGACCCATTGCAGGCAGGGGTTTTAGCTGTTATGGCTATTGCTGA
ILMN_3166804	4890520	ERCC-00171-01	ERCC-00171-01		TCCCCCTAATCGAGACGCTGCAATAACACAGGGGCATACAGTAACCAGGC
